time,temperature_2m (°C),relative_humidity_2m (%),dew_point_2m (°C),apparent_temperature (°C),precipitation (mm),rain (mm),weather_code (wmo code),pressure_msl (hPa),surface_pressure (hPa),cloud_cover (%),cloud_cover_low (%),cloud_cover_mid (%),cloud_cover_high (%),wind_speed_10m (km/h),wind_speed_100m (km/h),wind_direction_10m (°),wind_direction_100m (°),wind_gusts_10m (km/h),soil_temperature_0_to_7cm (°C),soil_temperature_7_to_28cm (°C),soil_temperature_28_to_100cm (°C),soil_temperature_100_to_255cm (°C),soil_moisture_0_to_7cm (m³/m³),soil_moisture_7_to_28cm (m³/m³),soil_moisture_28_to_100cm (m³/m³),soil_moisture_100_to_255cm (m³/m³)
2024-10-01T00:00,26.7,92,25.4,32,0,0,2,1006.4,1005.3,53,0,0,53,11.8,22.4,324,322,21.2,28.8,29.9,28.1,28.7,0.476,0.425,0.444,0.51
2024-10-01T01:00,26.2,96,25.5,32.2,0,0,1,1005.9,1004.8,32,15,4,16,7.6,15.1,333,340,20.2,28.4,29.8,28.1,28.7,0.474,0.426,0.444,0.51
2024-10-01T02:00,25.7,97,25.2,31.5,0,0,1,1006.3,1005.2,47,38,18,6,7.1,13.5,304,318,13,28.1,29.7,28.1,28.7,0.473,0.426,0.444,0.51
2024-10-01T03:00,25.4,96,24.8,31.2,0,0,1,1006,1004.8,41,26,12,16,6,12.3,335,339,12.2,27.9,29.5,28.2,28.7,0.471,0.427,0.444,0.51
2024-10-01T04:00,25.1,96,24.4,30.5,0,0,1,1006,1004.8,31,15,2,18,6.6,13.2,339,346,10.8,27.6,29.4,28.2,28.7,0.47,0.427,0.444,0.51
2024-10-01T05:00,25,95,24.2,30.3,0,0,1,1006.7,1005.5,27,21,3,5,6.4,13.3,299,330,15.1,27.4,29.3,28.2,28.7,0.468,0.428,0.443,0.51
2024-10-01T06:00,24.9,96,24.2,30.1,0,0,1,1007.5,1006.3,21,15,2,6,7.2,12.5,292,315,11.5,27.2,29.1,28.2,28.7,0.467,0.428,0.443,0.51
2024-10-01T07:00,25.8,92,24.4,31,0,0,3,1008.4,1007.2,100,100,6,1,7.9,11.4,305,311,16.2,27.3,29,28.2,28.7,0.466,0.428,0.443,0.51
2024-10-01T08:00,28.3,85,25.5,34.8,0,0,0,1008.8,1007.7,9,9,4,0,4.3,5.9,312,313,13,29.1,28.8,28.2,28.7,0.461,0.436,0.443,0.51
2024-10-01T09:00,29.9,78,25.6,35.9,0.1,0.1,51,1009.7,1008.6,32,18,3,15,7.8,10.2,347,347,18.7,29.9,28.9,28.2,28.7,0.46,0.436,0.443,0.51
2024-10-01T10:00,29.3,77,24.7,35.1,2.1,2.1,61,1010,1008.9,89,23,57,69,7.3,9.2,9,7,21.6,30.5,28.9,28.2,28.7,0.478,0.436,0.443,0.51
2024-10-01T11:00,29.3,79,25.2,35.4,1.2,1.2,55,1009.6,1008.5,87,65,21,54,5.7,6.7,58,54,19.4,30.5,29,28.2,28.7,0.487,0.436,0.442,0.51
2024-10-01T12:00,26.9,89,25,32.4,6.4,6.4,63,1009.4,1008.3,45,16,3,33,8.4,11,9,10,26.6,30,29.1,28.2,28.7,0.496,0.455,0.442,0.51
2024-10-01T13:00,28.9,82,25.6,35.4,0.1,0.1,51,1008.2,1007.1,49,40,4,12,10.1,12.6,327,327,22.3,30.8,29.1,28.2,28.7,0.492,0.456,0.442,0.51
2024-10-01T14:00,29.6,78,25.4,35.7,0.1,0.1,51,1006.8,1005.7,63,30,8,43,11.4,15,336,336,25.6,31.3,29.2,28.2,28.7,0.488,0.456,0.442,0.51
2024-10-01T15:00,28,82,24.6,32.1,0.4,0.4,51,1006.8,1005.7,89,76,38,34,16.1,21.9,16,12,29.9,31.2,29.3,28.2,28.7,0.487,0.456,0.441,0.51
2024-10-01T16:00,25.6,88,23.5,29.3,0.9,0.9,53,1007.4,1006.2,96,85,79,11,13.8,20.3,28,23,34.6,29.7,29.4,28.2,28.7,0.491,0.456,0.441,0.51
2024-10-01T17:00,24.9,92,23.6,29.3,8,8,65,1007.9,1006.7,100,100,88,76,9.9,15.3,335,351,26.3,28.5,29.3,28.2,28.7,0.507,0.482,0.441,0.51
2024-10-01T18:00,24.9,96,24.2,30.4,3.3,3.3,63,1008.7,1007.5,100,100,25,94,4.7,8,252,318,20.5,27.6,29.2,28.2,28.7,0.512,0.49,0.441,0.51
2024-10-01T19:00,24.8,97,24.3,30,1.3,1.3,61,1010,1008.8,100,100,55,91,7.4,12,296,323,13.7,27.1,29.1,28.2,28.7,0.518,0.493,0.441,0.51
2024-10-01T20:00,24.7,96,24,29.4,0.4,0.4,51,1011.4,1010.2,100,100,25,68,9.4,12.8,317,322,16.6,27.9,28.8,28.2,28.7,0.511,0.504,0.439,0.51
2024-10-01T21:00,23.9,97,23.5,28.2,4.2,4.2,63,1012.3,1011.1,100,100,94,94,10.4,14.6,306,309,24.5,26.9,28.7,28.2,28.7,0.52,0.512,0.44,0.51
2024-10-01T22:00,23.1,100,23.1,27.1,7.9,7.9,65,1012.5,1011.3,100,100,100,99,10.7,19,283,303,28.4,26.2,28.5,28.2,28.7,0.508,0.517,0.445,0.509
2024-10-01T23:00,23.6,96,23,27.4,1.5,1.5,61,1012.7,1011.5,100,100,100,50,11.6,18.1,302,307,22,25.8,28.4,28.2,28.7,0.52,0.515,0.446,0.509
2024-10-02T00:00,23.8,95,23,26.7,3.2,3.2,63,1012.5,1011.3,100,100,99,27,17.3,28.6,316,327,30.2,25.5,28.2,28.2,28.7,0.495,0.518,0.451,0.509
2024-10-02T01:00,23.2,88,21.1,24.4,0.7,0.7,53,1012.3,1011.1,100,100,32,9,22.1,35,311,322,37.8,25,28,28.2,28.7,0.502,0.514,0.452,0.509
2024-10-02T02:00,22.6,87,20.3,23.4,0.4,0.4,51,1012.4,1011.2,100,100,48,68,22,34.7,298,308,40,24.4,27.8,28.2,28.7,0.503,0.512,0.453,0.509
2024-10-02T03:00,21.6,90,19.9,22.2,0.9,0.9,53,1012.7,1011.5,100,100,84,47,22.3,36.4,289,296,40,23.9,27.6,28.2,28.7,0.51,0.511,0.454,0.509
2024-10-02T04:00,21.4,87,19.2,21.6,0.6,0.6,53,1013,1011.8,100,100,100,99,22.7,36.7,293,299,40.3,23.4,27.4,28.2,28.7,0.514,0.51,0.454,0.509
2024-10-02T05:00,21,85,18.3,20.9,1.6,1.6,61,1013.5,1012.3,100,89,86,100,21.4,34.8,306,311,40,23,27.2,28.2,28.7,0.503,0.516,0.454,0.509
2024-10-02T06:00,20.8,85,18.2,21.1,1,1,55,1014.5,1013.3,100,62,89,100,18.5,29.9,291,300,37.4,22.6,26.9,28.2,28.7,0.512,0.514,0.455,0.509
2024-10-02T07:00,21.2,85,18.5,21.8,0,0,3,1015.4,1014.2,100,100,100,100,17.5,28.9,282,293,31.7,22.5,26.7,28.2,28.7,0.508,0.512,0.456,0.509
2024-10-02T08:00,22,89,20.1,23.9,0.1,0.1,51,1016.5,1015.3,100,100,99,100,13.5,24.3,274,292,23,24.3,26.6,28.2,28.7,0.504,0.515,0.473,0.509
2024-10-02T09:00,22.6,86,20.1,24.3,0.1,0.1,51,1017.3,1016.1,100,100,95,100,14.8,24.4,271,281,25.6,24.2,26.5,28.2,28.7,0.502,0.513,0.474,0.509
2024-10-02T10:00,23.3,79,19.6,24.8,0,0,3,1017.1,1015.9,100,95,87,92,14.9,22.5,278,282,27.7,24.4,26.4,28.2,28.7,0.5,0.512,0.474,0.509
2024-10-02T11:00,24.1,75,19.4,25.5,0,0,3,1016.4,1015.2,100,100,52,66,15,21,304,305,29.9,25,26.3,28.2,28.7,0.498,0.51,0.474,0.509
2024-10-02T12:00,24.2,73,19.1,25.7,0,0,3,1015.7,1014.5,100,100,100,26,13.4,18.8,307,310,29.5,25.3,26.3,28.2,28.7,0.496,0.508,0.474,0.509
2024-10-02T13:00,25,67,18.5,26.3,0,0,3,1014.7,1013.5,100,100,87,2,12.9,17.7,333,333,25.6,25.7,26.3,28.2,28.7,0.494,0.507,0.474,0.509
2024-10-02T14:00,25.7,64,18.3,26.7,0,0,3,1013.6,1012.4,100,100,97,12,14,19.2,347,349,27.7,26.2,26.3,28.1,28.7,0.491,0.505,0.474,0.509
2024-10-02T15:00,25.6,65,18.5,26.8,0,0,3,1013.1,1011.9,100,100,99,57,13,19.1,354,356,27,26.2,26.3,28.1,28.7,0.489,0.504,0.474,0.509
2024-10-02T16:00,25.3,70,19.4,27.6,0,0,3,1012.5,1011.3,97,95,43,0,8.4,14.6,341,351,24.1,26.1,26.4,28.1,28.7,0.488,0.503,0.474,0.509
2024-10-02T17:00,24.8,72,19.5,27.2,0,0,3,1012.7,1011.5,100,100,95,0,8.1,15,313,327,16.6,25.9,26.4,28.1,28.7,0.487,0.502,0.474,0.509
2024-10-02T18:00,24.3,74,19.3,26.7,0,0,3,1013.2,1012,100,100,81,0,7.4,14.3,299,324,14.4,25.6,26.4,28.1,28.7,0.487,0.501,0.474,0.509
2024-10-02T19:00,23.7,76,19.3,26.1,0,0,3,1014.3,1013.1,100,100,100,43,7.7,13.6,288,313,12.6,25.3,26.3,28.1,28.7,0.487,0.5,0.474,0.509
2024-10-02T20:00,23.9,75,19.1,25.9,0,0,3,1015.1,1013.9,96,51,21,90,9.6,16.1,284,305,15.5,25.6,25.8,28.1,28.7,0.488,0.502,0.48,0.509
2024-10-02T21:00,23.5,76,19,25.6,0,0,3,1016.1,1014.9,100,92,100,61,8.8,17.6,293,305,15.8,25.2,25.8,28.1,28.7,0.487,0.502,0.48,0.509
2024-10-02T22:00,23.2,77,18.9,25.1,0,0,3,1016.3,1015.1,100,21,100,19,9.5,19.2,299,306,15.5,24.8,25.8,28,28.7,0.487,0.501,0.48,0.509
2024-10-02T23:00,23,76,18.6,24.6,0,0,3,1016.2,1015,100,87,88,72,11.3,21.9,297,296,18.4,24.6,25.8,28,28.7,0.487,0.5,0.48,0.509
2024-10-03T00:00,23.2,74,18.2,24.4,0,0,3,1015.7,1014.5,98,71,28,89,12,22.7,313,301,20.2,24.4,25.7,28,28.7,0.486,0.5,0.48,0.509
2024-10-03T01:00,22.9,74,18,24,0,0,3,1015.1,1013.9,99,39,7,99,12.2,23.5,308,303,20.5,24.2,25.7,28,28.7,0.486,0.499,0.48,0.509
2024-10-03T02:00,22.8,75,18.1,23.8,0,0,3,1014.8,1013.6,100,100,4,85,13.5,25,307,306,22.7,24.1,25.7,28,28.7,0.485,0.499,0.48,0.509
2024-10-03T03:00,22.9,74,17.9,23.7,0,0,3,1014.5,1013.3,100,100,30,71,14.3,25.5,310,310,24.5,24,25.6,28,28.7,0.485,0.498,0.48,0.509
2024-10-03T04:00,22.6,73,17.5,23.2,0,0,3,1014.5,1013.3,100,100,97,62,14.3,24.9,306,309,24.8,23.9,25.5,28,28.7,0.485,0.498,0.48,0.509
2024-10-03T05:00,22.4,73,17.3,23,0,0,3,1014.7,1013.5,100,100,100,80,13.7,23.6,293,303,24.8,23.8,25.5,28,28.7,0.484,0.497,0.48,0.509
2024-10-03T06:00,22.2,72,17,22.5,0,0,3,1015.3,1014.1,100,100,100,76,15.2,25.7,292,301,25.9,23.7,25.4,28,28.7,0.484,0.497,0.48,0.509
2024-10-03T07:00,22.4,73,17.3,22.7,0,0,3,1016.1,1014.9,100,100,100,94,15.7,26.9,294,300,27.4,23.7,25.4,27.9,28.7,0.483,0.496,0.48,0.509
2024-10-03T08:00,23.1,71,17.6,23.9,0,0,3,1017,1015.8,98,49,97,40,13.1,20.1,300,307,23.4,25,25.5,27.9,28.7,0.48,0.494,0.479,0.509
2024-10-03T09:00,23.7,68,17.4,24.2,0,0,3,1017.6,1016.4,100,100,98,50,14.4,20.7,293,296,26.6,25,25.5,27.9,28.7,0.478,0.493,0.479,0.509
2024-10-03T10:00,24.7,65,17.6,25.4,0,0,3,1017.6,1016.4,100,100,92,44,13.7,18.9,302,305,28.1,25.4,25.5,27.9,28.7,0.477,0.492,0.478,0.509
2024-10-03T11:00,25.6,65,18.4,27,0,0,3,1017.1,1015.9,100,100,85,46,11.2,14.9,327,329,26.3,25.9,25.6,27.9,28.7,0.475,0.491,0.478,0.509
2024-10-03T12:00,26,65,18.9,27.6,0,0,3,1016.4,1015.2,100,97,100,10,11.9,15.7,350,349,23.8,26.3,25.7,27.9,28.7,0.473,0.49,0.478,0.509
2024-10-03T13:00,26,65,18.9,27.5,0,0,3,1015.5,1014.3,100,100,96,17,12.2,16.4,1,360,24.1,26.5,25.7,27.9,28.7,0.472,0.489,0.478,0.509
2024-10-03T14:00,25.9,63,18.4,27.2,0,0,3,1014.2,1013,100,100,31,4,12.2,16.7,8,8,24.5,26.7,25.8,27.9,28.7,0.47,0.488,0.477,0.509
2024-10-03T15:00,26,63,18.4,27.5,0,0,3,1013.4,1012.2,87,74,75,38,10.9,15.5,7,9,24.1,26.6,25.9,27.9,28.7,0.469,0.487,0.477,0.509
2024-10-03T16:00,25.7,67,19.1,27.8,0,0,3,1013.1,1011.9,100,88,99,63,9.1,14.2,18,20,20.5,26.4,26,27.8,28.7,0.468,0.486,0.477,0.509
2024-10-03T17:00,24.9,76,20.4,28.2,0,0,3,1013.3,1012.1,97,78,76,63,5.7,12.3,32,30,16.6,26.1,26,27.8,28.7,0.468,0.486,0.477,0.509
2024-10-03T18:00,24.4,77,20.2,27.8,0,0,3,1013.5,1012.3,100,100,10,98,3.7,8.9,293,347,10.4,25.7,26,27.8,28.7,0.468,0.486,0.476,0.508
2024-10-03T19:00,24,80,20.3,27.2,0,0,3,1014.1,1012.9,100,53,6,100,5.8,10.5,292,340,10.4,25.4,26,27.8,28.7,0.468,0.485,0.476,0.508
2024-10-03T20:00,23.4,75,18.8,25.5,0,0,3,1014.8,1013.6,100,100,1,93,8.4,12.8,280,305,14.4,25.7,25.8,27.8,28.7,0.461,0.481,0.476,0.508
2024-10-03T21:00,23,78,18.9,25.2,0,0,3,1015.6,1014.4,93,18,1,91,7.4,11.7,276,308,13.7,25.2,25.9,27.8,28.7,0.461,0.481,0.476,0.508
2024-10-03T22:00,22.3,82,19.1,24.7,0,0,3,1016.2,1015,94,4,1,94,7.5,12.6,280,306,12.2,24.7,25.8,27.8,28.7,0.462,0.48,0.476,0.508
2024-10-03T23:00,21.6,85,19,23.9,0,0,3,1016.3,1015.1,94,1,0,94,7,12.7,280,295,12.2,24.2,25.8,27.8,28.7,0.462,0.48,0.476,0.508
2024-10-04T00:00,21.2,84,18.5,23.2,0,0,1,1015.8,1014.6,33,1,0,33,7.7,15.1,291,290,12.6,23.8,25.7,27.8,28.7,0.462,0.48,0.475,0.508
2024-10-04T01:00,21.1,81,17.7,22.5,0,0,2,1015.2,1014,56,3,0,54,9.8,19.3,300,295,15.8,23.5,25.6,27.8,28.7,0.462,0.48,0.475,0.508
2024-10-04T02:00,21.1,79,17.3,22.2,0,0,3,1014.6,1013.4,83,4,0,82,9.9,20.8,308,300,16.6,23.2,25.5,27.7,28.7,0.462,0.479,0.475,0.508
2024-10-04T03:00,20.9,80,17.3,22.2,0,0,3,1014.6,1013.4,93,24,0,91,9.1,20.6,319,305,16.6,23,25.4,27.7,28.7,0.462,0.479,0.475,0.508
2024-10-04T04:00,20.9,81,17.4,22.2,0,0,3,1014.6,1013.4,100,23,2,100,9,19.3,330,307,15.5,22.8,25.3,27.7,28.7,0.462,0.479,0.475,0.508
2024-10-04T05:00,21,81,17.6,22.4,0,0,3,1014.7,1013.5,88,37,0,81,9.1,18.9,333,310,15.5,22.7,25.2,27.7,28.7,0.463,0.479,0.475,0.508
2024-10-04T06:00,21,82,17.8,22.5,0,0,2,1015.1,1013.9,60,59,0,2,9.4,19.8,329,309,16.2,22.6,25.1,27.7,28.7,0.463,0.478,0.474,0.508
2024-10-04T07:00,22.1,83,19.2,24.1,0,0,0,1015.7,1014.5,18,17,0,1,10.4,20.2,324,307,17.3,22.9,25,27.7,28.7,0.462,0.478,0.474,0.508
2024-10-04T08:00,24.5,77,20.1,27.1,0,0,0,1016.3,1015.1,6,6,0,0,9.2,15.8,313,307,18.7,24.6,25.1,27.7,28.7,0.458,0.479,0.474,0.508
2024-10-04T09:00,26,67,19.4,27.8,0,0,0,1016.9,1015.7,18,14,0,4,12.1,16.2,317,316,24.5,25.5,25.2,27.7,28.7,0.456,0.478,0.474,0.508
2024-10-04T10:00,26.9,62,19.1,29.1,0,0,3,1017,1015.8,91,91,1,0,12.5,16.6,333,334,26.6,26.5,25.3,27.7,28.7,0.454,0.477,0.474,0.508
2024-10-04T11:00,27.3,60,19,29.2,0,0,3,1016.9,1015.7,90,90,4,2,11.2,14.9,360,359,26.3,27.1,25.4,27.6,28.7,0.452,0.475,0.473,0.508
2024-10-04T12:00,27.4,62,19.5,29.2,0,0,3,1015.9,1014.7,100,100,17,52,12.2,16.2,19,17,25.9,27.4,25.5,27.6,28.7,0.45,0.474,0.473,0.508
2024-10-04T13:00,27,66,20,29.1,0,0,3,1015.1,1013.9,100,100,0,85,11.7,15.9,32,31,25.2,27.4,25.7,27.6,28.7,0.449,0.474,0.473,0.508
2024-10-04T14:00,27.2,65,20,29.5,0,0,3,1013.8,1012.6,100,100,0,35,10.5,14.2,27,26,23.8,27.5,25.8,27.6,28.7,0.447,0.473,0.472,0.508
2024-10-04T15:00,27.3,64,19.9,29.4,0,0,1,1012.9,1011.7,49,49,0,0,11.4,15.4,26,27,23,27.6,26,27.6,28.7,0.446,0.472,0.472,0.508
2024-10-04T16:00,26.9,65,19.7,29,0,0,3,1012.4,1011.2,83,83,0,0,10.7,16.4,27,27,23,27.4,26.1,27.6,28.7,0.445,0.471,0.472,0.508
2024-10-04T17:00,25.9,70,20,28.7,0,0,0,1012.2,1011,0,0,0,0,7.3,15.2,20,24,20.2,27,26.2,27.6,28.7,0.444,0.47,0.472,0.508
2024-10-04T18:00,24,76,19.5,26.9,0,0,0,1012.6,1011.4,0,0,0,0,5.4,15.3,8,21,13,26.2,26.2,27.6,28.7,0.445,0.47,0.471,0.508
2024-10-04T19:00,23.2,79,19.3,25.9,0,0,0,1013.4,1012.2,0,0,0,0,5.4,14,354,23,9,25.5,26.2,27.6,28.7,0.445,0.47,0.471,0.508
2024-10-04T20:00,23,76,18.5,25.2,0,0,0,1014.6,1013.4,0,0,0,0,6.3,15.2,7,31,10.1,25.7,26.1,27.6,28.7,0.44,0.466,0.471,0.508
2024-10-04T21:00,22.4,79,18.7,24.6,0,0,0,1015.4,1014.2,0,0,0,0,7.2,11.7,341,29,9.7,24.9,26,27.6,28.7,0.441,0.466,0.471,0.508
2024-10-04T22:00,21.9,81,18.5,24.4,0,0,0,1015.5,1014.3,0,0,0,0,4.6,6.5,301,8,9,24.3,26,27.6,28.7,0.441,0.466,0.471,0.508
2024-10-04T23:00,21,87,18.7,23.6,0,0,0,1015.4,1014.2,0,0,0,0,4.7,7.2,272,297,7.2,23.8,25.9,27.6,28.7,0.441,0.465,0.471,0.508
2024-10-05T00:00,20.3,91,18.9,22.4,0,0,0,1015.4,1014.2,0,0,0,0,8.5,16,282,285,13.7,23.4,25.8,27.5,28.7,0.442,0.465,0.47,0.508
2024-10-05T01:00,20.4,88,18.3,22.1,0,0,0,1014.7,1013.5,0,0,0,0,9.3,19.8,302,298,15.1,23.1,25.7,27.5,28.7,0.442,0.465,0.47,0.508
2024-10-05T02:00,20.5,82,17.4,21.8,0,0,0,1014.2,1013,0,0,0,0,9.3,20.4,314,307,15.8,22.8,25.6,27.5,28.7,0.442,0.465,0.47,0.508
2024-10-05T03:00,20.5,80,17,21.6,0,0,0,1014,1012.8,1,0,0,1,9.4,20.4,328,310,16.2,22.6,25.4,27.5,28.7,0.442,0.465,0.47,0.508
2024-10-05T04:00,20.3,81,16.8,21.4,0,0,0,1013.8,1012.6,6,4,0,1,9,20,329,312,15.8,22.4,25.3,27.5,28.7,0.443,0.464,0.47,0.508
2024-10-05T05:00,20.3,81,16.9,21.5,0,0,1,1014.2,1013,30,17,0,15,8.6,19.1,331,314,15.8,22.3,25.2,27.5,28.7,0.443,0.464,0.47,0.508
2024-10-05T06:00,20.4,81,17,21.7,0,0,1,1014.5,1013.3,33,33,0,0,8.4,18.1,332,314,15.1,22.2,25,27.5,28.7,0.443,0.464,0.469,0.508
2024-10-05T07:00,21.7,79,17.9,23.3,0,0,2,1015.1,1013.9,77,29,0,67,8.9,17.3,336,312,16.2,22.5,24.9,27.5,28.7,0.443,0.464,0.469,0.508
2024-10-05T08:00,24.2,77,19.9,26.7,0,0,2,1015.4,1014.2,62,16,0,55,8.7,19.6,315,311,18.4,24.3,25,27.5,28.7,0.445,0.463,0.47,0.508
2024-10-05T09:00,26.1,67,19.6,28.2,0,0,2,1015.9,1014.7,57,36,0,33,10.9,14.9,314,315,22.7,25.3,25,27.5,28.7,0.443,0.462,0.469,0.508
2024-10-05T10:00,27.3,66,20.3,30.5,0,0,2,1015.7,1014.5,61,34,0,40,11,14.4,325,327,24.5,26.4,25.1,27.4,28.7,0.441,0.461,0.469,0.508
2024-10-05T11:00,28.1,64,20.7,32,0,0,3,1015.1,1013.9,82,70,2,39,10.6,13.6,9,6,24.1,27.5,25.2,27.4,28.7,0.438,0.46,0.469,0.508
2024-10-05T12:00,28.7,62,20.7,32.4,0,0,3,1014.3,1013.2,82,53,5,62,12.2,15.9,28,25,26.3,28.3,25.4,27.4,28.7,0.436,0.459,0.468,0.508
2024-10-05T13:00,28.3,64,20.9,31.3,0,0,2,1013.4,1012.3,54,45,11,15,13.5,17.9,27,25,28.1,28.6,25.7,27.4,28.7,0.434,0.457,0.468,0.508
2024-10-05T14:00,27.8,65,20.7,29.9,0,0,2,1012.5,1011.4,71,57,14,33,15,20,29,28,31,28.7,25.9,27.4,28.7,0.432,0.456,0.467,0.507
2024-10-05T15:00,27.7,67,21.1,30,0,0,1,1011.7,1010.6,28,8,0,22,15.1,20.4,28,28,31.7,28.7,26,27.4,28.7,0.43,0.455,0.467,0.507
2024-10-05T16:00,27.1,66,20.1,28.8,0,0,1,1011.2,1010,40,3,2,37,14.8,21.3,27,28,30.6,28.4,26.2,27.4,28.7,0.428,0.455,0.467,0.507
2024-10-05T17:00,25.9,70,19.9,28.1,0,0,1,1011.3,1010.1,47,5,1,44,10.7,20.1,25,25,27.7,27.7,26.3,27.4,28.7,0.428,0.454,0.467,0.507
2024-10-05T18:00,24.4,73,19.1,26.8,0,0,0,1011.7,1010.5,7,1,0,6,7.1,18.4,19,23,19.1,26.7,26.4,27.4,28.7,0.428,0.454,0.466,0.507
2024-10-05T19:00,23.2,78,19.1,25.8,0,0,0,1012.5,1011.3,2,0,0,2,5.7,16.2,11,26,11.9,25.9,26.4,27.4,28.7,0.428,0.454,0.466,0.507
2024-10-05T20:00,23.8,72,18.5,26,0,0,1,1013.6,1012.4,46,0,0,46,6,10.5,355,35,10.4,26.2,26.3,27.4,28.7,0.423,0.453,0.465,0.507
2024-10-05T21:00,24.4,66,17.7,26.8,0,0,2,1014.3,1013.1,72,0,0,72,2.5,6.4,300,29,7.2,25.4,26.3,27.4,28.7,0.424,0.453,0.465,0.507
2024-10-05T22:00,22,81,18.5,24.5,0,0,2,1014.4,1013.2,69,0,0,69,3.8,5.4,273,312,6.5,24.7,26.2,27.4,28.7,0.424,0.453,0.465,0.507
2024-10-05T23:00,21.2,86,18.7,23.1,0,0,1,1014.6,1013.4,49,0,0,49,9.1,14,277,285,14,24.2,26.1,27.4,28.7,0.424,0.453,0.465,0.507
2024-10-06T00:00,21.1,86,18.8,23.1,0,0,1,1014.7,1013.5,24,0,0,24,8.9,18.4,291,285,15.5,23.8,26,27.4,28.7,0.424,0.453,0.465,0.507
2024-10-06T01:00,21.1,84,18.3,23,0,0,0,1014.3,1013.1,0,0,0,0,8.1,17.7,309,295,14.4,23.5,25.9,27.4,28.7,0.425,0.453,0.465,0.507
2024-10-06T02:00,21.2,81,17.7,22.7,0,0,0,1013.9,1012.7,1,1,0,0,8.4,18.1,313,299,14,23.2,25.8,27.4,28.7,0.425,0.452,0.464,0.507
2024-10-06T03:00,21.1,79,17.3,22.4,0,0,0,1013.6,1012.4,0,0,0,0,9,20.1,317,304,15.5,23.1,25.7,27.4,28.7,0.425,0.452,0.464,0.507
2024-10-06T04:00,20.9,78,17,21.9,0,0,0,1013.8,1012.6,0,0,0,0,10.1,21.8,317,304,16.6,22.9,25.5,27.3,28.7,0.426,0.452,0.464,0.507
2024-10-06T05:00,20.9,78,16.9,21.8,0,0,0,1014.2,1013,0,0,0,0,10.1,21.9,316,302,17.3,22.7,25.4,27.3,28.7,0.426,0.452,0.464,0.507
2024-10-06T06:00,20.7,79,17,21.7,0,0,0,1014.8,1013.6,17,17,0,0,10.1,21.5,317,303,17.3,22.6,25.3,27.3,28.7,0.426,0.452,0.464,0.507
2024-10-06T07:00,21.9,81,18.4,23.3,0,0,1,1015.5,1014.3,37,37,0,0,11.5,21.8,316,304,19.4,22.8,25.2,27.3,28.7,0.426,0.451,0.464,0.507
2024-10-06T08:00,24.6,78,20.5,27.4,0,0,0,1016,1014.8,15,15,1,0,9.2,21.8,312,302,19.8,24.6,25.2,27.3,28.7,0.426,0.452,0.463,0.507
2024-10-06T09:00,26.7,66,19.8,28.6,0,0,1,1016.4,1015.2,20,20,0,0,13,18,307,307,25.6,25.6,25.2,27.3,28.7,0.424,0.451,0.463,0.507
2024-10-06T10:00,27.4,65,20.4,30,0,0,1,1016.2,1015,36,36,2,0,13.4,17.9,321,323,27.7,26.6,25.3,27.3,28.7,0.422,0.45,0.463,0.507
2024-10-06T11:00,28.1,67,21.3,31.9,0,0,3,1015.6,1014.4,87,81,55,0,11.8,15.5,351,351,27.7,27.6,25.5,27.3,28.7,0.42,0.449,0.462,0.507
2024-10-06T12:00,27.8,69,21.6,31.2,0.2,0.2,51,1014.8,1013.6,85,38,49,54,12.1,15.8,358,358,25.6,28.1,25.6,27.3,28.7,0.42,0.448,0.462,0.507
2024-10-06T13:00,28.3,68,21.7,31.7,0.3,0.3,51,1014,1012.9,95,57,64,70,12.6,17,10,10,26.3,28.5,25.8,27.3,28.7,0.421,0.447,0.462,0.507
2024-10-06T14:00,28.2,69,22,31,0.3,0.3,51,1012.9,1011.8,89,11,15,87,14.6,20.1,22,23,28.4,28.6,26,27.3,28.7,0.422,0.446,0.461,0.507
2024-10-06T15:00,28.2,66,21.2,30.6,0,0,1,1012.3,1011.2,43,0,7,38,14.3,20.4,27,26,29.5,28.5,26.2,27.3,28.7,0.421,0.445,0.461,0.507
2024-10-06T16:00,27.8,65,20.6,30.1,0,0,0,1012.2,1011.1,4,1,4,0,12.6,19.6,22,23,27.7,28.2,26.3,27.3,28.7,0.42,0.445,0.461,0.507
2024-10-06T17:00,26.7,71,21.1,30.1,0,0,0,1012.6,1011.4,0,0,0,0,7.4,16.2,32,32,22.7,27.7,26.4,27.3,28.7,0.419,0.444,0.461,0.507
2024-10-06T18:00,24.6,81,21.2,28.1,0,0,0,1013.1,1011.9,1,1,1,0,6.7,15.4,54,45,13.3,26.9,26.5,27.3,28.6,0.419,0.444,0.46,0.507
2024-10-06T19:00,25.3,76,20.8,28.5,0,0,0,1013.8,1012.6,5,5,5,0,7.3,13.6,38,42,10.8,26.1,26.5,27.3,28.6,0.419,0.444,0.46,0.507
2024-10-06T20:00,24.2,82,20.9,28.2,0,0,0,1014.6,1013.4,2,2,0,0,1.9,4,253,32,5.4,26.7,26.4,27.2,28.6,0.421,0.443,0.459,0.507
2024-10-06T21:00,23.4,86,20.9,27.2,0,0,0,1015.3,1014.1,2,2,0,0,3.1,1.3,242,360,4,26,26.4,27.2,28.6,0.421,0.443,0.459,0.507
2024-10-06T22:00,22.8,89,20.8,26.6,0,0,0,1015.2,1014,3,1,2,0,3.6,4.8,273,290,5.4,25.4,26.4,27.2,28.6,0.421,0.443,0.459,0.507
2024-10-06T23:00,22.9,86,20.4,25.8,0,0,0,1015.1,1013.9,7,4,7,0,7.9,14.7,290,276,12.6,24.9,26.4,27.2,28.6,0.422,0.442,0.458,0.507
2024-10-07T00:00,23.1,83,20.1,25.6,0,0,1,1015,1013.8,30,10,29,0,9.7,21.5,304,284,16.2,24.7,26.3,27.2,28.6,0.422,0.442,0.458,0.507
2024-10-07T01:00,23.5,79,19.7,25.7,0,0,3,1014.6,1013.4,100,39,100,0,10.2,21.7,318,300,18,24.5,26.2,27.2,28.6,0.422,0.442,0.458,0.507
2024-10-07T02:00,23.8,76,19.3,25.8,0,0,3,1014.3,1013.1,100,97,100,0,10.6,21.3,316,302,18.4,24.5,26.1,27.2,28.6,0.422,0.442,0.458,0.507
2024-10-07T03:00,24,73,19,25.4,0,0,3,1014.1,1012.9,100,32,100,0,13.2,25.5,313,300,22.7,24.5,26.1,27.2,28.6,0.422,0.442,0.458,0.507
2024-10-07T04:00,24,74,19.1,25.7,0.1,0.1,51,1014.2,1013,100,100,100,0,11.8,22.8,332,315,23,24.5,26,27.2,28.6,0.422,0.442,0.458,0.507
2024-10-07T05:00,23.2,82,19.9,25,0.4,0.4,51,1014.8,1013.6,100,100,100,0,13.6,24,345,335,23,24.3,25.9,27.2,28.6,0.426,0.442,0.458,0.506
2024-10-07T06:00,22.6,89,20.7,25,0.8,0.8,53,1015.4,1014.2,100,100,100,0,12.3,23.4,328,325,26.3,24,25.8,27.2,28.6,0.432,0.442,0.457,0.506
2024-10-07T07:00,22.6,91,21,24.9,0.5,0.5,53,1016.3,1015.1,99,69,99,0,14.3,25.4,311,318,25.2,23.7,25.8,27.2,28.6,0.438,0.442,0.457,0.506
2024-10-07T08:00,24.3,87,22.1,27.7,0.1,0.1,51,1017.3,1016.1,90,82,79,0,10.9,20.2,294,310,24.1,25,25.8,27.2,28.6,0.468,0.441,0.457,0.506
2024-10-07T09:00,24.9,83,21.9,28.1,0.8,0.8,53,1017.6,1016.4,99,89,93,0,10.9,15.1,299,306,21.6,25.3,25.7,27.2,28.6,0.473,0.441,0.457,0.506
2024-10-07T10:00,25.7,80,22,28.9,0.2,0.2,51,1016.9,1015.7,77,21,68,14,11.7,16,308,311,24.1,25.6,25.8,27.2,28.6,0.473,0.441,0.456,0.506
2024-10-07T11:00,26.9,77,22.5,31.5,2.7,2.7,63,1016.6,1015.4,100,24,100,7,9,11.9,317,321,24.5,26.9,25.8,27.2,28.6,0.501,0.441,0.456,0.506
2024-10-07T12:00,27.2,75,22.3,30.8,0.2,0.2,51,1015.8,1014.6,97,19,96,6,10,12.9,304,306,21.2,27.3,25.9,27.2,28.6,0.496,0.443,0.456,0.506
2024-10-07T13:00,28,70,22.1,31.2,0,0,3,1014.6,1013.4,97,89,73,0,12.9,17,337,337,25.2,27.9,26,27.2,28.6,0.49,0.444,0.456,0.506
2024-10-07T14:00,27.9,73,22.6,30.9,0.5,0.5,53,1013.9,1012.8,100,40,92,95,15.3,21.2,4,5,33.8,28.2,26.2,27.2,28.6,0.49,0.444,0.455,0.506
2024-10-07T15:00,27.2,77,22.8,31.1,0.4,0.4,51,1013.2,1012,89,10,82,34,9.7,15,342,349,32.8,27.6,26.3,27.2,28.6,0.489,0.445,0.455,0.506
2024-10-07T16:00,26.7,79,22.8,30.7,0.9,0.9,53,1013.3,1012.1,100,28,100,35,9,13.6,359,5,22.3,27.3,26.4,27.2,28.6,0.494,0.446,0.455,0.506
2024-10-07T17:00,25.7,86,23.2,30.3,0.2,0.2,51,1013.2,1012,100,24,100,56,7.5,11.4,278,309,16.6,26.6,26.4,27.2,28.6,0.492,0.447,0.455,0.506
2024-10-07T18:00,24.9,87,22.7,29,0,0,3,1013.7,1012.5,100,20,100,25,8.7,13.5,263,286,13.3,26,26.4,27.2,28.6,0.489,0.448,0.455,0.506
2024-10-07T19:00,24.3,88,22.2,28,0,0,3,1014.7,1013.5,95,15,93,22,9,13.3,257,279,15.1,25.4,26.4,27.2,28.6,0.486,0.449,0.455,0.506
2024-10-07T20:00,24.3,89,22.4,29,0,0,2,1015.3,1014.1,73,19,64,13,3.1,8.7,277,275,7.6,26.2,26.1,27.2,28.6,0.475,0.454,0.454,0.506
2024-10-07T21:00,23.6,90,21.9,28,0.8,0.8,53,1016.1,1014.9,49,13,38,6,2.9,3.9,191,227,13,25.6,26.1,27.2,28.6,0.48,0.455,0.454,0.506
2024-10-07T22:00,23.3,96,22.6,27.5,2,2,61,1016.4,1015.2,100,93,100,3,7.3,7.4,110,133,18.7,25,26.1,27.2,28.6,0.505,0.456,0.453,0.506
2024-10-07T23:00,22.9,97,22.5,27.2,1.4,1.4,61,1016.1,1014.9,33,17,18,1,6.2,8.8,311,301,25.6,24.6,26,27.1,28.6,0.512,0.46,0.453,0.506
2024-10-08T00:00,22.6,100,22.6,27.6,2.7,2.7,63,1016.4,1015.2,100,100,86,42,1.8,4.6,79,315,19.1,24.3,26,27.1,28.6,0.513,0.47,0.453,0.506
2024-10-08T01:00,22.8,98,22.4,26.4,0.4,0.4,51,1015.4,1014.2,79,53,29,43,10.8,20.9,317,299,16.6,24.1,25.9,27.1,28.6,0.508,0.473,0.453,0.506
2024-10-08T02:00,22.5,96,21.8,25.5,1.2,1.2,55,1014.7,1013.5,90,42,79,31,12.4,22.5,312,308,31,23.8,25.8,27.1,28.6,0.517,0.476,0.453,0.506
2024-10-08T03:00,22,100,22,25.6,17,17,65,1014.7,1013.5,99,95,65,81,9.1,17.2,287,294,27.7,23.6,25.7,27.1,28.6,0.52,0.514,0.453,0.506
2024-10-08T04:00,22.3,99,22.1,25.5,1.7,1.7,61,1014.9,1013.7,95,68,60,70,11.6,17.9,291,310,25.9,23.6,25.6,27.1,28.6,0.492,0.517,0.456,0.506
2024-10-08T05:00,22.3,98,22,25.3,0.1,0.1,51,1015,1013.8,96,66,46,82,13.2,23.3,308,310,22.3,23.4,25.5,27.1,28.6,0.494,0.513,0.457,0.506
2024-10-08T06:00,22.3,97,21.8,25.1,0.3,0.3,51,1015.6,1014.4,85,20,34,75,14,24.5,307,311,28.8,23.3,25.4,27.1,28.6,0.498,0.511,0.458,0.506
2024-10-08T07:00,23,97,22.5,26.4,0,0,2,1016,1014.8,51,18,18,32,12.2,24.3,294,299,24.5,23.5,25.3,27.1,28.6,0.497,0.509,0.458,0.506
2024-10-08T08:00,25.2,88,23.1,29.3,0.2,0.2,51,1016.4,1015.2,44,32,23,0,10.4,14.7,318,317,21.2,25.1,25.4,27.1,28.6,0.512,0.51,0.454,0.506
2024-10-08T09:00,26.7,84,23.8,31.4,0.1,0.1,51,1016.9,1015.7,24,8,10,11,8.7,11.1,308,310,23.4,26.1,25.4,27.1,28.6,0.508,0.509,0.455,0.506
2024-10-08T10:00,28,77,23.7,32.8,0.2,0.2,51,1016.5,1015.3,100,100,25,1,10.1,13.2,4,5,28.8,27.3,25.5,27.1,28.6,0.506,0.507,0.455,0.506
2024-10-08T11:00,28.5,73,23.3,32.4,0.3,0.3,51,1015.7,1014.6,35,17,25,1,15.8,20.7,21,20,33.5,28,25.7,27.1,28.6,0.504,0.506,0.455,0.506
2024-10-08T12:00,28.3,73,22.9,31.5,0.1,0.1,51,1014.7,1013.6,24,13,14,1,15.2,20.8,21,21,33.1,28.2,25.8,27.1,28.6,0.501,0.505,0.455,0.506
2024-10-08T13:00,28.7,70,22.8,32.6,0.1,0.1,51,1013.7,1012.6,61,21,53,1,18.2,24.2,31,30,38.2,28.9,26,27.1,28.6,0.498,0.503,0.455,0.506
2024-10-08T14:00,28.3,75,23.5,32.4,0.9,0.9,53,1012.8,1011.7,52,13,46,2,16.7,22.9,25,27,38.5,29,26.2,27.1,28.6,0.502,0.502,0.455,0.506
2024-10-08T15:00,27.9,74,22.8,30.8,0.1,0.1,51,1012,1010.9,17,12,6,0,17.2,23.3,31,31,35.3,28.8,26.4,27.1,28.6,0.499,0.501,0.455,0.506
2024-10-08T16:00,27.4,76,22.7,30.3,0.1,0.1,51,1011.7,1010.6,18,16,3,0,16.5,23.9,34,34,33.1,28.5,26.5,27.1,28.6,0.497,0.5,0.455,0.506
2024-10-08T17:00,26.7,79,22.7,30.4,0,0,0,1012.4,1011.2,15,6,10,0,11.1,19.7,36,38,30.6,27.9,26.6,27.1,28.6,0.496,0.499,0.455,0.506
2024-10-08T18:00,25.9,83,22.7,30.5,0,0,1,1012.8,1011.6,37,12,18,12,4.9,13.9,33,41,19.8,27.2,26.7,27.1,28.6,0.494,0.499,0.455,0.505
2024-10-08T19:00,25.4,86,22.8,30.4,0,0,3,1013.8,1012.6,99,15,95,65,2.7,7.6,312,15,7.9,26.7,26.7,27.1,28.6,0.494,0.498,0.455,0.505
2024-10-08T20:00,25,87,22.7,29.8,0,0,3,1014.9,1013.7,82,10,3,79,3.2,5.4,289,345,6.5,26.9,26.5,27.1,28.6,0.496,0.499,0.455,0.505
2024-10-08T21:00,24.2,93,23.1,29,0,0,3,1015.5,1014.3,89,16,0,87,5,5.3,268,294,8.3,26.3,26.5,27.1,28.6,0.495,0.498,0.455,0.505
2024-10-08T22:00,23.5,97,22.9,28,0,0,3,1015.7,1014.5,93,18,0,91,6.3,7.9,273,287,9.7,25.8,26.5,27.1,28.6,0.494,0.498,0.455,0.505
2024-10-08T23:00,23.1,97,22.6,27.3,0,0,2,1015.4,1014.2,76,15,1,71,7.2,10.9,292,292,11.5,25.4,26.4,27.1,28.6,0.493,0.497,0.455,0.505
2024-10-09T00:00,23.1,95,22.2,27,0,0,2,1015,1013.8,62,17,2,53,7.7,14,309,298,12.6,25.1,26.4,27.1,28.6,0.492,0.497,0.455,0.505
2024-10-09T01:00,23.1,93,21.8,26.5,0,0,1,1014.4,1013.2,21,16,0,6,9.4,17.5,320,307,15.5,24.8,26.3,27.1,28.6,0.492,0.497,0.455,0.505
2024-10-09T02:00,23.1,91,21.6,26.3,0,0,1,1013.9,1012.7,34,19,19,0,10.1,20.8,320,311,17.3,24.6,26.2,27.1,28.6,0.491,0.496,0.456,0.505
2024-10-09T03:00,23.1,92,21.7,26.3,0.1,0.1,51,1013.5,1012.3,30,7,25,0,10.4,21.7,324,319,18,24.5,26.1,27.1,28.6,0.491,0.496,0.456,0.505
2024-10-09T04:00,23.1,90,21.5,26.3,0.2,0.2,51,1013.4,1012.2,98,21,98,0,9.7,20.3,335,329,21.6,24.3,26,27.1,28.6,0.492,0.495,0.456,0.505
2024-10-09T05:00,23,92,21.6,26.2,0,0,3,1013.7,1012.5,94,18,93,0,10.1,20.2,327,329,17.3,24.2,26,27.1,28.6,0.491,0.495,0.456,0.505
2024-10-09T06:00,22.6,93,21.5,25.7,0,0,2,1014.1,1012.9,61,27,57,0,10.7,19.9,305,310,18,24,25.9,27,28.6,0.491,0.495,0.456,0.505
2024-10-09T07:00,23.1,93,21.9,26.4,0,0,2,1014.7,1013.5,61,44,39,0,11,19.6,291,295,18.7,24.2,25.8,27,28.6,0.49,0.494,0.456,0.505
2024-10-09T08:00,25.4,87,23.1,29.7,0,0,1,1015.7,1014.5,46,31,37,0,8.6,15.1,300,303,18.4,25.6,25.9,27,28.6,0.492,0.495,0.456,0.505
2024-10-09T09:00,26.9,79,23,30.7,0,0,0,1015.9,1014.7,15,5,11,0,11.5,15.3,316,317,25.6,26.4,25.9,27,28.6,0.491,0.494,0.456,0.505
2024-10-09T10:00,28.1,75,23.3,32.7,0,0,1,1015.5,1014.3,25,13,14,0,10.6,13.9,4,3,27,27.5,26,27,28.6,0.488,0.493,0.455,0.505
2024-10-09T11:00,28.5,71,22.8,33.1,0.1,0.1,51,1014.7,1013.6,30,20,13,0,11.5,14.9,17,18,28.8,28.4,26.1,27,28.6,0.485,0.492,0.455,0.505
2024-10-09T12:00,28.6,70,22.6,33.3,0.1,0.1,51,1013.5,1012.4,32,15,21,0,11.1,13.8,27,28,28.4,29,26.3,27,28.6,0.483,0.49,0.455,0.505
2024-10-09T13:00,29,65,21.9,33.1,0.2,0.2,51,1012.5,1011.4,32,12,25,0,11.9,15.3,27,28,27,29.4,26.5,27,28.6,0.481,0.489,0.455,0.505
2024-10-09T14:00,29.1,65,21.7,32.6,0.1,0.1,51,1011.5,1010.4,28,13,21,0,13.8,18.3,33,34,28.4,29.7,26.7,27,28.6,0.479,0.488,0.455,0.505
2024-10-09T15:00,28.6,66,21.6,31.1,0,0,1,1010.9,1009.8,20,18,7,0,15.2,20.4,46,46,29.5,29.6,26.8,27,28.6,0.477,0.487,0.454,0.505
2024-10-09T16:00,27.9,67,21.3,30.4,0,0,1,1010.8,1009.7,30,28,3,0,14.2,21.4,50,49,29.5,29.1,27,27,28.6,0.475,0.486,0.454,0.505
2024-10-09T17:00,26.8,74,21.8,29.9,0,0,1,1011.2,1010,31,29,3,0,12.1,21.5,50,50,25.9,28.4,27.1,27,28.6,0.474,0.485,0.454,0.505
2024-10-09T18:00,25.9,76,21.3,29,0,0,0,1011.9,1010.7,15,11,5,0,9.6,20.2,50,51,21.6,27.6,27.1,27,28.6,0.474,0.485,0.454,0.505
2024-10-09T19:00,24.9,82,21.6,28.8,0,0,0,1012.6,1011.4,9,4,6,0,5.5,15.8,54,58,16.9,26.9,27.1,27,28.6,0.474,0.485,0.454,0.505
2024-10-09T20:00,24.5,87,22.2,28.6,0,0,0,1013.4,1012.2,3,0,2,0,6.1,13.5,47,60,10.4,26.9,27,27,28.6,0.476,0.485,0.454,0.505
2024-10-09T21:00,24.2,88,22,28.6,0,0,0,1014.2,1013,1,0,1,0,3.1,6.4,310,45,9.4,26.3,26.9,27,28.6,0.476,0.484,0.454,0.505
2024-10-09T22:00,23.4,91,21.9,27.8,0,0,0,1014.6,1013.4,3,3,0,0,3.4,3,270,295,6.1,25.7,26.9,27,28.6,0.476,0.484,0.454,0.505
2024-10-09T23:00,22.7,96,22,26.8,0,0,0,1014.6,1013.4,1,1,0,0,5.2,6.7,272,276,8.3,25.3,26.8,27,28.6,0.476,0.484,0.454,0.505
2024-10-10T00:00,22.5,96,21.8,26.6,0,0,0,1014.1,1012.9,0,0,0,0,5,9.9,285,273,8.3,24.9,26.7,27,28.6,0.475,0.484,0.454,0.505
2024-10-10T01:00,22.3,96,21.6,26.4,0,0,0,1013.5,1012.3,0,0,0,0,4.6,9.9,306,280,7.9,24.6,26.6,27,28.6,0.475,0.483,0.454,0.505
2024-10-10T02:00,22.3,96,21.6,26.2,0,0,0,1013.1,1011.9,1,1,0,0,5.5,11.2,314,289,9,24.4,26.5,27,28.6,0.475,0.483,0.454,0.505
2024-10-10T03:00,22.1,96,21.5,25.8,0,0,0,1012.8,1011.6,7,7,0,0,6.9,14.3,317,299,11.9,24.2,26.4,27,28.6,0.475,0.483,0.454,0.505
2024-10-10T04:00,22,96,21.3,25.5,0,0,0,1012.8,1011.6,8,8,0,0,7,15.7,316,308,12.2,24,26.2,27,28.6,0.475,0.483,0.454,0.505
2024-10-10T05:00,21.9,96,21.1,25.3,0,0,0,1013.1,1011.9,14,14,0,0,7.1,16.9,322,315,12.6,23.8,26.1,27,28.6,0.475,0.482,0.453,0.505
2024-10-10T06:00,21.9,95,21.1,25.3,0,0,1,1013.3,1012.1,27,27,0,0,7.3,17.2,322,316,13,23.7,26,27,28.6,0.475,0.482,0.453,0.505
2024-10-10T07:00,23.2,93,22,26.9,0.1,0.1,51,1013.7,1012.5,78,34,1,67,8.5,18.1,316,315,15.1,24,25.9,27,28.6,0.475,0.482,0.453,0.505
2024-10-10T08:00,25.5,86,23,29.8,0,0,1,1014.5,1013.3,22,22,0,0,8.5,13.2,314,317,18.4,25.4,25.9,27,28.6,0.477,0.481,0.453,0.505
2024-10-10T09:00,26.5,79,22.6,30.5,0.3,0.3,51,1014.8,1013.6,30,16,26,0,9,11.8,338,336,20.5,26.4,26,27,28.6,0.477,0.481,0.453,0.505
2024-10-10T10:00,27,77,22.7,31.3,0.2,0.2,51,1014.8,1013.6,59,30,43,0,9.2,11.9,2,3,22,27.4,26,27,28.5,0.477,0.48,0.453,0.505
2024-10-10T11:00,27.6,72,22.1,31.8,0.2,0.2,51,1014,1012.8,78,16,76,0,10.1,13.2,29,28,22.7,28.2,26.2,27,28.5,0.476,0.479,0.453,0.504
2024-10-10T12:00,27.8,71,21.9,31.1,0.2,0.2,51,1013.6,1012.5,100,22,100,0,12.2,16.2,38,38,25.6,28.5,26.3,27,28.5,0.475,0.478,0.453,0.504
2024-10-10T13:00,27.8,71,22,30.9,0.1,0.1,51,1012.5,1011.4,97,26,95,0,12.3,16.5,37,37,25.6,28.7,26.4,27,28.5,0.474,0.478,0.452,0.504
2024-10-10T14:00,28.2,68,21.7,31.3,0.1,0.1,51,1011.6,1010.5,85,43,77,0,12.4,16.4,42,44,25.9,29,26.6,27,28.5,0.472,0.477,0.452,0.504
2024-10-10T15:00,28.3,66,21.3,31,0,0,2,1011,1009.9,54,15,45,0,12.7,16.9,54,54,25.9,29,26.7,27,28.5,0.47,0.476,0.452,0.504
2024-10-10T16:00,27.7,68,21.3,30.6,0,0,1,1010.8,1009.7,29,10,21,0,11.6,17,55,56,26.3,28.6,26.9,27,28.5,0.468,0.475,0.452,0.504
2024-10-10T17:00,26.7,74,21.6,30.3,0,0,0,1010.7,1009.5,12,5,8,0,7.3,14.8,52,53,21.6,28,27,27,28.5,0.467,0.475,0.452,0.504
2024-10-10T18:00,24.8,85,22.2,28.8,0,0,0,1011.2,1010,4,0,3,0,6.8,11.1,42,51,13.3,27.2,27,27,28.5,0.467,0.475,0.452,0.504
2024-10-10T19:00,24.9,80,21.3,28.9,0,0,3,1012.3,1011.1,96,0,1,95,3.3,6.9,324,37,8.3,26.5,27,27,28.5,0.467,0.474,0.451,0.504
2024-10-10T20:00,23.7,94,22.6,28.3,0,0,3,1013.5,1012.3,93,2,0,92,4.6,5.6,259,263,7.2,26.6,26.8,27,28.5,0.474,0.476,0.452,0.504
2024-10-10T21:00,22.9,97,22.4,27.2,0,0,3,1014.2,1013,82,3,0,81,5.4,7.4,256,256,8.6,25.9,26.8,27,28.5,0.474,0.476,0.451,0.504
2024-10-10T22:00,22.5,96,21.9,26.7,0,0,3,1014.5,1013.3,84,0,0,84,4.8,9.2,285,268,8.3,25.4,26.7,27,28.5,0.473,0.476,0.451,0.504
2024-10-10T23:00,22.6,94,21.6,26.5,0,0,2,1014.3,1013.1,63,0,0,63,5.5,11.9,306,281,9.7,25,26.7,27,28.5,0.473,0.475,0.451,0.504
2024-10-11T00:00,22.6,94,21.6,26.4,0,0,2,1013.9,1012.7,72,0,0,72,6,12.9,311,291,10.1,24.6,26.6,27,28.5,0.473,0.475,0.451,0.504
2024-10-11T01:00,22.3,95,21.5,26.1,0,0,0,1013.4,1012.2,6,0,0,6,5.7,13,314,299,10.1,24.4,26.4,27,28.5,0.473,0.475,0.451,0.504
2024-10-11T02:00,22,96,21.3,25.6,0,0,0,1012.6,1011.4,0,0,0,0,6.2,14.3,314,309,10.4,24.1,26.3,27,28.5,0.473,0.475,0.451,0.504
2024-10-11T03:00,21.8,95,21,25.2,0,0,0,1012.2,1011,0,0,0,0,6.9,15.9,307,312,11.9,23.9,26.2,27,28.5,0.472,0.475,0.451,0.504
2024-10-11T04:00,21.7,95,20.8,24.8,0,0,1,1012.1,1010.9,43,1,0,43,8.2,17.6,302,307,13.7,23.7,26.1,27,28.5,0.472,0.475,0.451,0.504
2024-10-11T05:00,21.5,95,20.6,24.5,0,0,2,1012.2,1011,61,3,0,60,8.2,18.4,310,306,14.8,23.6,26,27,28.5,0.472,0.475,0.451,0.504
2024-10-11T06:00,21.4,95,20.6,24.4,0,0,2,1012.8,1011.6,54,10,0,49,7.8,17.1,323,314,14,23.4,25.8,27,28.5,0.472,0.475,0.451,0.504
2024-10-11T07:00,22.8,92,21.5,26.1,0,0,3,1013.6,1012.4,81,21,0,76,9.3,18.6,311,313,16.2,23.7,25.7,27,28.5,0.471,0.475,0.451,0.504
2024-10-11T08:00,25.5,82,22.2,29.3,0,0,2,1014.7,1013.5,60,23,0,47,8.4,14.8,312,313,17.6,25.5,25.8,27,28.5,0.471,0.474,0.45,0.504
2024-10-11T09:00,27,74,21.9,30.5,0,0,3,1015.2,1014,96,35,5,94,9.3,12.3,319,320,21.2,26.4,25.8,27,28.5,0.469,0.473,0.45,0.504
2024-10-11T10:00,27.8,70,21.8,31.7,0.3,0.3,51,1015,1013.8,100,43,45,100,8.5,11,1,357,21.2,27.4,25.9,27,28.5,0.469,0.472,0.45,0.504
2024-10-11T11:00,28.3,67,21.6,32,0.1,0.1,51,1014.5,1013.4,98,25,34,96,7.2,9.4,1,2,20.2,28,26,27,28.5,0.468,0.472,0.45,0.504
2024-10-11T12:00,29.3,64,21.8,34.1,0,0,1,1013.5,1012.4,35,23,2,14,7.5,9.3,20,22,18.7,28.9,26.2,27,28.5,0.465,0.471,0.45,0.504
2024-10-11T13:00,29.5,62,21.5,33.8,0,0,2,1012.3,1011.2,52,47,7,3,8.7,11,38,38,20.9,29.5,26.4,27,28.5,0.462,0.469,0.449,0.504
2024-10-11T14:00,29.3,63,21.6,33.1,0,0,3,1011.1,1010,98,97,8,3,8.7,11.1,53,53,20.9,29.7,26.6,27,28.5,0.459,0.468,0.449,0.504
2024-10-11T15:00,28.5,69,22.2,31.9,0,0,0,1010.2,1009.1,11,2,9,0,11.1,14.6,63,63,23,29.6,26.8,27,28.5,0.457,0.467,0.449,0.504
2024-10-11T16:00,27.9,71,22.2,31.3,0,0,0,1010,1008.9,1,0,1,0,11,15,55,55,23.4,29.2,26.9,27,28.5,0.456,0.467,0.449,0.504
2024-10-11T17:00,27,77,22.7,31.2,0,0,0,1010.2,1009.1,3,3,0,0,7.8,14.1,48,50,21.2,28.5,27,27,28.5,0.455,0.466,0.448,0.504
2024-10-11T18:00,25.6,84,22.6,30.1,0,0,0,1010.8,1009.6,8,8,2,0,5.4,13.2,60,61,14,27.7,27.1,27,28.5,0.455,0.466,0.448,0.504
2024-10-11T19:00,24.6,91,23,29.3,0,0,2,1011.9,1010.7,55,55,12,0,5.4,10.4,110,92,9,27,27.1,27,28.5,0.455,0.466,0.448,0.504
2024-10-11T20:00,25.6,87,23.2,30.7,0,0,0,1012.7,1011.5,16,16,3,0,3.1,6.3,173,97,7.6,27.6,27.1,27,28.5,0.454,0.467,0.448,0.504
2024-10-11T21:00,24.7,92,23.3,29.9,0,0,1,1013.5,1012.3,22,21,3,0,3.3,5.3,229,172,5.4,26.9,27.1,27,28.5,0.454,0.467,0.447,0.504
2024-10-11T22:00,24.2,94,23.2,29,0,0,0,1013.8,1012.6,4,4,1,0,5.1,8.9,234,204,8.3,26.4,27.1,27,28.5,0.454,0.467,0.447,0.504
2024-10-11T23:00,23.8,96,23,28.3,0,0,0,1013.6,1012.4,1,1,0,0,6.9,9.3,219,205,7.9,26,27,27,28.5,0.454,0.466,0.447,0.504
2024-10-12T00:00,24.1,92,22.7,28.6,0,0,0,1013.4,1012.2,2,2,0,0,5.8,8.4,194,195,7.9,25.7,27,27,28.5,0.454,0.466,0.447,0.504
2024-10-12T01:00,24.2,91,22.6,28.9,0,0,0,1012.8,1011.6,9,9,2,0,3.9,6.1,283,203,6.8,25.4,26.9,27,28.5,0.454,0.466,0.447,0.504
2024-10-12T02:00,23.2,96,22.6,28.1,0,0,0,1012.5,1011.3,19,19,2,0,2.7,4.2,337,260,5.4,25.1,26.8,27,28.5,0.455,0.466,0.447,0.503
2024-10-12T03:00,23.1,97,22.6,27.8,0,0,1,1012.4,1011.2,35,33,2,0,3.9,6.3,336,301,6.5,25,26.7,27,28.5,0.455,0.466,0.447,0.503
2024-10-12T04:00,22.8,99,22.6,27.5,0,0,1,1012.3,1011.1,36,36,1,0,4,8.5,306,306,6.5,24.8,26.6,27,28.5,0.455,0.466,0.447,0.503
2024-10-12T05:00,22.8,98,22.4,27.1,0,0,1,1012.8,1011.6,45,45,6,0,5.7,12.2,298,308,9,24.7,26.5,27,28.5,0.455,0.466,0.447,0.503
2024-10-12T06:00,22.9,96,22.2,27,0,0,3,1013.5,1012.3,94,94,21,0,6.5,14.5,309,313,10.4,24.6,26.4,27,28.5,0.455,0.465,0.447,0.503
2024-10-12T07:00,24,92,22.7,28.6,0,0,3,1014.1,1012.9,87,86,65,0,5.2,11.9,333,328,11.9,24.9,26.3,27,28.5,0.455,0.465,0.447,0.503
2024-10-12T08:00,26.5,85,23.7,31.4,0,0,1,1014.7,1013.5,32,17,0,96,6.8,11.1,323,326,15.8,26.2,26.3,27,28.5,0.46,0.469,0.447,0.503
2024-10-12T09:00,27.8,75,23.1,32.5,0.2,0.2,51,1015.3,1014.1,55,33,29,98,6.2,8,353,352,16.9,27.1,26.3,27,28.5,0.46,0.468,0.447,0.503
2024-10-12T10:00,28.5,72,22.9,33.3,0.2,0.2,51,1015.2,1014.1,80,43,33,99,5.8,7.3,26,25,16.6,28.1,26.4,27,28.5,0.46,0.467,0.447,0.503
2024-10-12T11:00,28.7,71,22.9,33.4,0.3,0.3,51,1014.5,1013.4,65,57,39,88,6.4,8.3,45,42,17.3,28.9,26.6,27,28.5,0.46,0.467,0.446,0.503
2024-10-12T12:00,28.5,72,23,33.2,0.3,0.3,51,1013.7,1012.6,67,100,97,62,6.3,8.1,63,59,17.3,29.3,26.7,27,28.5,0.461,0.466,0.446,0.503
2024-10-12T13:00,28.7,71,23,33.3,0.2,0.2,51,1012.9,1011.8,69,100,100,3,6.2,8.1,64,62,16.9,29.5,26.9,27,28.5,0.46,0.465,0.446,0.503
2024-10-12T14:00,28.7,71,22.9,33.1,0.1,0.1,51,1011.8,1010.7,55,87,98,0,6.9,9.2,49,50,17.3,29.6,27,27,28.5,0.459,0.465,0.446,0.503
2024-10-12T15:00,28.9,69,22.8,33.1,0,0,1,1010.9,1009.8,45,13,4,0,8.4,11.1,47,46,18.4,29.6,27.2,27,28.5,0.457,0.464,0.446,0.503
2024-10-12T16:00,28.2,74,23.2,32.5,0,0,2,1010.5,1009.4,52,10,26,0,8.8,12,55,53,19.4,29.3,27.3,27,28.5,0.456,0.463,0.445,0.503
2024-10-12T17:00,27.5,80,23.8,32.6,0,0,1,1010.7,1009.6,43,11,19,0,5.8,10.5,64,63,17.6,28.7,27.4,27,28.5,0.455,0.463,0.445,0.503
2024-10-12T18:00,26.5,89,24.6,32.5,0,0,1,1011.3,1010.1,40,7,1,0,3.8,6.4,73,65,10.1,28.1,27.5,27,28.5,0.455,0.463,0.445,0.503
2024-10-12T19:00,25.6,90,23.8,31.3,0,0,1,1012.7,1011.5,36,5,0,1,2.3,2.3,225,141,5,27.4,27.5,27,28.5,0.455,0.463,0.445,0.503
2024-10-12T20:00,25.3,92,23.9,31,0,0,1,1013.6,1012.4,24,3,0,2,2.4,3.9,324,34,5.8,27.8,27.4,27,28.5,0.451,0.46,0.445,0.503
2024-10-12T21:00,24.7,94,23.7,30.3,0,0,0,1014.2,1013,12,0,0,8,2.2,2.7,294,332,3.6,27.2,27.4,27,28.5,0.451,0.46,0.445,0.503
2024-10-12T22:00,24.2,96,23.5,29.6,0,0,0,1014,1012.8,5,0,0,0,2.4,3.2,306,317,4,26.6,27.3,27.1,28.5,0.451,0.46,0.445,0.503
2024-10-12T23:00,23.9,98,23.5,29.1,0,0,0,1014.1,1012.9,4,0,1,0,3.7,5.7,313,323,6.1,26.2,27.3,27.1,28.5,0.451,0.46,0.444,0.503
2024-10-13T00:00,23.7,98,23.4,28.6,0,0,0,1013.7,1012.5,4,1,1,0,5.3,8.6,315,321,8.3,25.9,27.2,27.1,28.5,0.451,0.46,0.444,0.503
2024-10-13T01:00,23.6,98,23.3,28.3,0,0,0,1013.4,1012.2,7,4,0,0,6,11.6,307,312,9.7,25.6,27.1,27.1,28.5,0.451,0.46,0.444,0.503
2024-10-13T02:00,23.5,98,23.2,28.1,0,0,0,1012.9,1011.7,10,9,0,30,6.5,13.6,298,304,10.4,25.4,27,27.1,28.5,0.451,0.46,0.444,0.503
2024-10-13T03:00,23.4,99,23.2,27.9,0,0,1,1012.6,1011.4,43,28,0,20,7.3,15.4,310,308,11.9,25.2,26.9,27.1,28.5,0.452,0.46,0.444,0.503
2024-10-13T04:00,23.4,99,23.2,27.9,0,0,1,1012.6,1011.4,40,32,4,20,7.9,16.5,319,315,13,25.1,26.8,27.1,28.5,0.452,0.46,0.444,0.503
2024-10-13T05:00,23.4,98,23,27.6,0,0,1,1012.9,1011.7,26,48,10,12,8.8,18.1,321,317,14.8,25,26.7,27.1,28.5,0.452,0.46,0.444,0.503
2024-10-13T06:00,23.3,98,22.9,27.4,0,0,1,1013.6,1012.4,25,11,9,7,9.3,18.6,310,316,15.5,24.9,26.6,27.1,28.5,0.452,0.459,0.444,0.503
2024-10-13T07:00,24.5,94,23.4,28.9,0,0,1,1014.5,1013.3,24,100,37,22,9.1,18.4,306,320,16.9,25.2,26.5,27.1,28.5,0.452,0.459,0.444,0.503
2024-10-13T08:00,26.4,87,24,30.9,0,0,0,1015.3,1014.1,19,8,5,1,10.7,14.6,312,314,23,26.2,26.5,27.1,28.5,0.452,0.46,0.444,0.503
2024-10-13T09:00,27.4,80,23.7,32,0.1,0.1,51,1015.6,1014.4,35,24,8,0,9.1,11.8,321,321,22.3,27.1,26.5,27.1,28.5,0.451,0.46,0.444,0.503
2024-10-13T10:00,28.4,75,23.6,33.4,0.2,0.2,51,1015.3,1014.2,36,21,11,0,7.9,10.2,343,343,20.9,28.2,26.6,27.1,28.5,0.45,0.459,0.444,0.503
2024-10-13T11:00,29.2,71,23.5,34.9,0.2,0.2,51,1014.2,1013.1,30,22,6,0,6.8,8.8,2,1,19.8,29.1,26.7,27.1,28.5,0.45,0.458,0.443,0.503
2024-10-13T12:00,29.7,69,23.4,35.6,0.2,0.2,51,1013,1011.9,23,31,9,0,7.1,9.1,16,18,18.7,30,26.9,27.1,28.5,0.448,0.457,0.443,0.503
2024-10-13T13:00,30,69,23.6,35.7,0.3,0.3,51,1011.8,1010.7,17,22,20,0,8.8,11.1,35,34,20.9,30.5,27.1,27.1,28.5,0.448,0.456,0.443,0.503
2024-10-13T14:00,29.8,70,23.7,35.2,0.3,0.3,51,1010.8,1009.7,20,34,11,0,9.4,12.2,50,49,22,30.7,27.3,27.1,28.5,0.448,0.455,0.443,0.503
2024-10-13T15:00,29.4,72,23.8,33.9,0.1,0.1,51,1010,1008.9,22,17,6,1,10.4,13.5,56,56,22.7,30.7,27.5,27.1,28.5,0.446,0.454,0.442,0.503
2024-10-13T16:00,28.5,77,24,32.9,0,0,1,1009.8,1008.7,21,15,0,0,11.2,15.2,64,64,23,30.2,27.6,27.1,28.5,0.445,0.454,0.442,0.502
2024-10-13T17:00,27.6,81,24.1,32.5,0,0,0,1010,1008.9,14,8,0,21,8.3,13.5,60,63,22.7,29.5,27.8,27.1,28.5,0.444,0.453,0.442,0.502
2024-10-13T18:00,26.3,87,24,31.7,0,0,0,1010.5,1009.3,17,13,0,1,4.9,12.8,51,59,14.8,28.6,27.8,27.1,28.5,0.444,0.453,0.442,0.502
2024-10-13T19:00,25.7,91,24.2,31.1,0,0,0,1011.4,1010.2,13,9,0,32,5.3,9.4,55,66,8.3,27.9,27.8,27.1,28.5,0.444,0.453,0.442,0.502
2024-10-13T20:00,26.3,86,23.7,31.6,0,0,0,1013.1,1011.9,11,11,0,2,4,8.2,85,81,8.3,28.1,27.8,27.1,28.5,0.435,0.45,0.441,0.502
2024-10-13T21:00,25.3,93,24.1,31.2,0,0,0,1013.7,1012.5,14,7,0,2,1.9,3.2,241,109,5,27.5,27.8,27.1,28.5,0.435,0.45,0.441,0.502
2024-10-13T22:00,24.8,94,23.8,30.2,0,0,0,1013.5,1012.3,19,0,0,0,3.5,3.3,255,221,5.4,27,27.7,27.1,28.5,0.436,0.45,0.441,0.502
2024-10-13T23:00,24.2,97,23.7,29.4,0,0,1,1013.3,1012.1,35,3,0,0,4.6,6.2,283,263,7.6,26.6,27.7,27.1,28.5,0.436,0.45,0.441,0.502
2024-10-14T00:00,24,97,23.5,29,0,0,2,1012.9,1011.7,58,12,0,0,5.3,8.2,322,306,8.6,26.2,27.6,27.1,28.5,0.436,0.45,0.441,0.502
2024-10-14T01:00,24,96,23.4,28.7,0,0,2,1012.3,1011.1,62,13,0,0,7,13.3,328,319,11.9,26,27.5,27.1,28.5,0.436,0.45,0.441,0.502
2024-10-14T02:00,23.9,96,23.3,28.7,0,0,2,1011.9,1010.7,69,10,0,0,6.4,13.6,322,316,11.9,25.8,27.4,27.1,28.5,0.436,0.45,0.44,0.502
2024-10-14T03:00,23.7,98,23.3,28.2,0,0,2,1011.6,1010.4,61,12,3,0,7.9,15.7,313,311,13,25.6,27.3,27.1,28.5,0.436,0.449,0.44,0.502
2024-10-14T04:00,23.5,98,23.2,27.9,0,0,2,1011.4,1010.2,64,8,0,0,8.7,17.9,313,311,14.4,25.4,27.2,27.1,28.5,0.436,0.449,0.44,0.502
2024-10-14T05:00,23.5,98,23.1,27.8,0,0,3,1011.6,1010.4,85,19,0,0,8.7,18.2,317,314,15.1,25.3,27.1,27.1,28.5,0.436,0.449,0.44,0.502
2024-10-14T06:00,23.3,99,23.1,27.6,0,0,2,1012.1,1010.9,76,11,0,0,8.9,18.3,308,307,15.1,25.1,27,27.1,28.5,0.436,0.449,0.44,0.502
2024-10-14T07:00,24.4,94,23.5,29,0,0,2,1012.7,1011.5,63,17,0,0,8.4,17.2,298,299,16.6,25.4,26.9,27.1,28.5,0.436,0.449,0.44,0.502
2024-10-14T08:00,26.8,86,24.2,31.6,0,0,1,1013.6,1012.4,30,12,11,0,9.4,14,302,303,19.1,26.8,26.9,27.1,28.5,0.437,0.449,0.44,0.502
2024-10-14T09:00,27.8,79,23.8,32.2,0.2,0.2,51,1013.8,1012.6,38,21,8,0,10.8,14.1,323,322,23.4,27.6,26.9,27.1,28.5,0.438,0.448,0.44,0.502
2024-10-14T10:00,28.9,74,23.7,33.8,0.1,0.1,51,1013.6,1012.5,30,21,7,0,9.3,12.1,338,339,23,28.6,27,27.1,28.5,0.436,0.448,0.44,0.502
2024-10-14T11:00,29.7,70,23.7,35.3,0.1,0.1,51,1013.1,1012,19,21,10,0,9.1,11.8,353,353,22,29.5,27.1,27.1,28.5,0.435,0.447,0.439,0.502
2024-10-14T12:00,30.1,69,23.8,35.9,0.4,0.4,51,1012.2,1011.1,33,27,28,0,9.4,12.1,24,23,22,30.2,27.3,27.2,28.4,0.436,0.446,0.439,0.502
2024-10-14T13:00,30.5,68,23.9,36.1,0.1,0.1,51,1010.9,1009.8,36,17,8,0,10.7,13.8,31,31,23.8,30.8,27.5,27.2,28.4,0.434,0.445,0.439,0.502
2024-10-14T14:00,29.9,71,24,34.9,0.1,0.1,51,1009.9,1008.8,40,19,4,0,13,17.1,37,37,27.7,31,27.6,27.2,28.4,0.432,0.444,0.439,0.502
2024-10-14T15:00,29.4,73,24.1,33.7,0.1,0.1,51,1009.3,1008.2,35,16,5,0,13,17.1,39,39,27.7,30.9,27.8,27.2,28.4,0.43,0.443,0.438,0.502
2024-10-14T16:00,28.6,78,24.3,32.9,0,0,1,1009.4,1008.3,30,8,3,0,13,18.1,48,49,27,30.4,28,27.2,28.4,0.429,0.442,0.438,0.502
2024-10-14T17:00,27.5,82,24.3,32.4,0,0,1,1009.7,1008.6,44,7,0,4,9.5,15.2,53,55,25.2,29.7,28.1,27.2,28.4,0.429,0.442,0.438,0.502
2024-10-14T18:00,26.5,88,24.4,32.3,0,0,1,1010.2,1009,26,16,0,20,3.8,10.2,5,32,16.9,28.8,28.1,27.2,28.4,0.429,0.442,0.438,0.502
2024-10-14T19:00,26,91,24.4,32,0,0,0,1011.2,1010,13,23,2,46,2.8,6.8,305,12,6.5,28.2,28.1,27.2,28.4,0.429,0.442,0.438,0.502
2024-10-14T20:00,25.8,91,24.3,31.7,0,0,0,1012.2,1011,12,2,0,66,3.2,6.3,317,5,8.3,28.6,28,27.2,28.4,0.428,0.443,0.437,0.502
2024-10-14T21:00,25.4,95,24.5,31.5,0,0,1,1012.8,1011.6,28,5,10,44,2.2,2.7,279,23,5,27.9,28,27.2,28.4,0.428,0.443,0.437,0.502
2024-10-14T22:00,25.2,96,24.4,31.3,0,0,1,1013,1011.8,42,16,3,5,1.8,2.2,276,9,3.2,27.4,28,27.2,28.4,0.428,0.443,0.437,0.502
2024-10-14T23:00,24.9,96,24.2,30.8,0.1,0.1,51,1013,1011.8,66,11,26,0,2.8,5.4,349,14,4.7,27.1,27.9,27.2,28.4,0.429,0.443,0.437,0.502
2024-10-15T00:00,24.6,96,24,30,0,0,3,1012.7,1011.5,99,17,23,22,5.2,8,326,342,8.6,26.7,27.8,27.2,28.4,0.43,0.443,0.437,0.502
2024-10-15T01:00,24.8,95,24,30.2,0,0,3,1011.8,1010.6,93,21,25,20,4.8,9.7,315,329,8.6,26.5,27.8,27.2,28.4,0.43,0.443,0.437,0.502
2024-10-15T02:00,24.3,97,23.8,29.8,0.1,0.1,51,1011.2,1010,93,100,40,0,3.6,9.5,319,328,9,26.2,27.7,27.2,28.4,0.431,0.443,0.437,0.502
2024-10-15T03:00,24.2,98,23.8,29.3,0.1,0.1,51,1011,1009.8,89,68,33,0,5.9,10.8,325,334,11.5,26,27.6,27.2,28.4,0.432,0.443,0.437,0.502
2024-10-15T04:00,24.2,98,23.8,29.3,0,0,3,1010.7,1009.5,100,60,20,0,6.5,12.7,318,335,11.2,25.8,27.5,27.2,28.4,0.432,0.443,0.437,0.502
2024-10-15T05:00,24.2,98,23.9,29,0,0,3,1011.1,1009.9,97,100,9,1,8.8,16.8,325,334,14.4,25.7,27.4,27.2,28.4,0.433,0.443,0.437,0.502
2024-10-15T06:00,24.5,97,23.9,29.1,0,0,3,1011.7,1010.5,84,41,5,0,9.8,17.4,311,319,16.9,25.6,27.3,27.2,28.4,0.433,0.443,0.437,0.502
2024-10-15T07:00,25.2,92,23.8,29.7,0,0,3,1012.7,1011.5,81,64,15,0,10.6,14.8,317,321,20.9,25.7,27.2,27.2,28.4,0.433,0.443,0.436,0.501
2024-10-15T08:00,26.5,89,24.6,31.8,0.1,0.1,51,1013.3,1012.1,72,43,17,0,7.4,10.2,331,330,17.6,27,27.1,27.2,28.4,0.435,0.442,0.436,0.501
2024-10-15T09:00,27.7,83,24.5,33,0.1,0.1,51,1013.7,1012.5,72,100,8,0,7.5,9.8,318,320,19.4,27.7,27.2,27.2,28.4,0.434,0.442,0.436,0.501
2024-10-15T10:00,28.6,77,24.2,33.4,0,0,2,1013.7,1012.6,58,99,9,0,9.3,11.6,341,341,22.7,28.4,27.2,27.2,28.4,0.433,0.441,0.436,0.501
2024-10-15T11:00,27.5,82,24.2,32.3,0.5,0.5,53,1013.4,1012.2,37,53,42,7,9.5,12.8,10,6,23,28.4,27.3,27.2,28.4,0.436,0.441,0.436,0.501
2024-10-15T12:00,28.2,83,25,33.3,0.1,0.1,51,1012.7,1011.6,59,34,10,44,11.8,15.3,16,16,25.6,29.1,27.4,27.2,28.4,0.436,0.44,0.436,0.501
2024-10-15T13:00,29,77,24.6,33.6,0.1,0.1,51,1011.4,1010.3,80,100,9,31,13.1,17,13,13,27,29.6,27.5,27.2,28.4,0.435,0.44,0.435,0.501
2024-10-15T14:00,27.6,81,24.1,31.9,2.8,2.8,63,1010.4,1009.3,63,43,26,42,12.4,16.4,17,17,29.5,29.4,27.6,27.3,28.4,0.464,0.44,0.435,0.501
2024-10-15T15:00,27.7,83,24.4,32.7,0.7,0.7,53,1009.5,1008.4,63,100,4,16,8.9,11.7,14,13,25.9,29.1,27.7,27.3,28.4,0.47,0.44,0.435,0.501
2024-10-15T16:00,26.8,84,23.8,31.2,0.3,0.3,51,1009.5,1008.4,70,62,23,100,10.2,14.2,9,9,23.8,28.6,27.7,27.3,28.4,0.471,0.44,0.435,0.501
2024-10-15T17:00,26.2,87,23.8,30.8,0.2,0.2,51,1010.1,1008.9,51,83,36,91,9.2,14.3,3,7,19.8,28,27.8,27.3,28.4,0.471,0.44,0.435,0.501
2024-10-15T18:00,25.3,93,24,30.2,0.1,0.1,51,1011,1009.8,61,36,30,88,8,14,335,360,16.2,27.3,27.7,27.3,28.4,0.471,0.441,0.435,0.501
2024-10-15T19:00,23.6,96,22.9,27.2,1.2,1.2,55,1012.3,1011.1,78,94,25,95,13,17,294,310,23,26.6,27.7,27.3,28.4,0.483,0.441,0.435,0.501
2024-10-15T20:00,24.7,97,24.2,30.2,0.1,0.1,51,1012.9,1011.7,100,39,39,83,5.1,8,288,318,9.4,27.1,27.5,27.3,28.4,0.45,0.439,0.435,0.501
2024-10-15T21:00,24.4,97,23.9,29.5,0.1,0.1,51,1013.5,1012.3,100,93,22,63,6.8,10.6,335,342,12.6,26.5,27.4,27.3,28.4,0.45,0.439,0.435,0.501
2024-10-15T22:00,24,96,23.4,28.2,0.7,0.7,53,1014.3,1013.1,100,100,66,99,11,16.4,345,347,19.1,26,27.3,27.3,28.4,0.457,0.439,0.435,0.501
2024-10-15T23:00,23.7,98,23.3,27.9,1.4,1.4,61,1014.4,1013.2,100,100,46,95,10.1,15.2,319,324,19.4,25.5,27.2,27.3,28.4,0.475,0.439,0.435,0.501
2024-10-16T00:00,23.4,99,23.3,27.6,2.4,2.4,61,1013.9,1012.7,100,20,29,94,10.2,16.3,311,314,19.4,25.2,27.1,27.3,28.4,0.502,0.441,0.435,0.501
2024-10-16T01:00,23.3,99,23.1,27.5,0.1,0.1,51,1013.1,1011.9,100,100,3,90,9.6,18.9,310,311,19.8,25,27,27.3,28.4,0.497,0.443,0.435,0.501
2024-10-16T02:00,23.3,97,22.8,27.1,0.1,0.1,51,1012.3,1011.1,100,100,2,86,10.8,20.8,314,314,18.4,24.8,26.9,27.3,28.4,0.493,0.445,0.435,0.501
2024-10-16T03:00,23.4,96,22.8,27.2,0.1,0.1,51,1012.1,1010.9,100,100,4,91,10.9,18.4,321,319,21.6,24.6,26.8,27.3,28.4,0.49,0.446,0.434,0.501
2024-10-16T04:00,23.5,96,22.9,27.6,0,0,3,1012.1,1010.9,100,100,16,91,9.5,16.2,309,311,18.4,24.5,26.7,27.3,28.4,0.488,0.447,0.434,0.501
2024-10-16T05:00,23.3,98,23,27.4,0.2,0.2,51,1012.4,1011.2,100,100,44,90,9.8,17.6,301,310,16.2,24.5,26.5,27.3,28.4,0.488,0.447,0.434,0.501
2024-10-16T06:00,23.2,98,22.9,26.9,0.2,0.2,51,1012.9,1011.7,100,100,14,92,11.8,20.3,293,305,19.8,24.4,26.4,27.3,28.4,0.488,0.448,0.434,0.501
2024-10-16T07:00,23.8,95,22.9,27.4,0.1,0.1,51,1013.5,1012.3,100,100,8,94,12.5,20.1,306,314,22.3,24.4,26.3,27.3,28.4,0.486,0.449,0.434,0.501
2024-10-16T08:00,24,93,22.9,27.9,0.1,0.1,51,1014.5,1013.3,100,100,41,74,10.9,16.5,304,304,23.4,25.3,26.3,27.3,28.4,0.502,0.456,0.434,0.501
2024-10-16T09:00,24.4,92,23,28.3,1,1,55,1015.2,1014,100,100,69,61,11.2,15.1,308,308,23.8,25.5,26.2,27.3,28.4,0.508,0.458,0.434,0.501
2024-10-16T10:00,25.1,88,23.1,28.7,1,1,55,1015.2,1014,91,72,64,48,13.3,17.6,298,298,25.9,25.8,26.2,27.3,28.4,0.509,0.461,0.434,0.501
2024-10-16T11:00,25.6,86,23.1,28.8,0.2,0.2,51,1014.7,1013.5,100,100,29,44,15.5,20.5,301,301,31,26,26.2,27.3,28.4,0.503,0.464,0.434,0.501
2024-10-16T12:00,25.8,87,23.4,30,1.2,1.2,55,1013.7,1012.5,100,99,66,24,10.8,14.2,296,299,30.2,26.4,26.2,27.2,28.4,0.509,0.465,0.434,0.501
2024-10-16T13:00,27,82,23.7,31.4,0.4,0.4,51,1012.1,1010.9,78,74,9,11,10.4,13.9,332,330,22.3,26.8,26.3,27.2,28.4,0.505,0.467,0.434,0.501
2024-10-16T14:00,27.4,82,24,31.9,0.2,0.2,51,1010.6,1009.5,79,69,27,17,10.7,13.7,344,347,22.7,27.5,26.3,27.2,28.4,0.5,0.469,0.434,0.501
2024-10-16T15:00,26.9,82,23.6,31.4,0.4,0.4,51,1009.8,1008.7,51,41,12,6,9.4,12.8,11,14,23,27.3,26.4,27.2,28.4,0.499,0.469,0.434,0.501
2024-10-16T16:00,27.2,81,23.6,31.7,0.3,0.3,51,1009.8,1008.7,80,69,14,25,9.6,13.2,26,28,21.2,27.4,26.5,27.2,28.4,0.497,0.47,0.434,0.501
2024-10-16T17:00,26.3,89,24.2,31.4,0.4,0.4,51,1009.9,1008.7,66,40,12,36,7.7,12.5,31,36,19.1,27,26.6,27.2,28.4,0.497,0.471,0.434,0.501
2024-10-16T18:00,25.3,94,24.2,31,0.1,0.1,51,1011,1009.8,98,39,21,95,3.5,10.1,28,49,13,26.5,26.6,27.2,28.4,0.495,0.472,0.434,0.501
2024-10-16T19:00,24.7,96,24.1,30.8,0.3,0.3,51,1012.5,1011.3,99,97,21,77,0.2,3.9,270,56,7.2,26.1,26.6,27.2,28.4,0.495,0.472,0.434,0.501
2024-10-16T20:00,24.5,96,23.8,30.2,0.8,0.8,53,1013.2,1012,100,100,60,18,1.7,3.4,311,18,11.9,26.7,26.7,27.2,28.4,0.497,0.465,0.434,0.501
2024-10-16T21:00,24.2,98,23.9,29.7,0.7,0.7,53,1013.6,1012.4,95,40,50,86,4.1,3.8,283,329,8.3,26.1,26.6,27.2,28.4,0.502,0.466,0.434,0.501
2024-10-16T22:00,24.1,99,23.8,29.3,0.1,0.1,51,1013.9,1012.7,100,28,31,100,5.2,5.8,254,275,9.4,25.6,26.6,27.2,28.4,0.498,0.467,0.434,0.501
2024-10-16T23:00,23.9,99,23.8,28.8,0.5,0.5,53,1014,1012.8,100,85,31,100,7.3,11.8,293,298,13.3,25.3,26.5,27.2,28.4,0.501,0.469,0.434,0.5
2024-10-17T00:00,23.8,100,23.7,28.4,0.1,0.1,51,1013.7,1012.5,100,91,16,100,8.9,15.8,306,306,13.7,25,26.5,27.2,28.4,0.499,0.47,0.434,0.5
2024-10-17T01:00,23.8,98,23.4,28.1,0,0,3,1012.8,1011.6,100,100,10,100,9.7,18.2,317,315,16.6,24.9,26.4,27.2,28.4,0.496,0.471,0.434,0.5
2024-10-17T02:00,23.7,99,23.4,28.2,0,0,3,1012.3,1011.1,100,100,16,99,8.4,17.8,312,314,16.6,24.8,26.3,27.2,28.4,0.493,0.471,0.434,0.5
2024-10-17T03:00,23.6,99,23.4,28.1,0,0,3,1011.8,1010.6,100,100,9,94,8.1,16.5,309,311,14,24.7,26.2,27.2,28.4,0.491,0.472,0.434,0.5
2024-10-17T04:00,23.5,98,23.1,27.7,0,0,3,1011.6,1010.4,100,100,11,97,8.7,17.3,313,314,14.8,24.5,26.2,27.2,28.4,0.49,0.472,0.434,0.5
2024-10-17T05:00,23.5,97,22.9,27.6,0,0,3,1011.7,1010.5,100,100,6,98,8.8,17.2,313,316,15.1,24.4,26.1,27.2,28.4,0.488,0.472,0.434,0.5
2024-10-17T06:00,23.4,97,22.9,27.6,0,0,3,1012.3,1011.1,98,43,2,97,8.2,16,310,315,15.1,24.3,26,27.2,28.4,0.487,0.473,0.434,0.5
2024-10-17T07:00,24,96,23.3,28.6,0,0,3,1012.8,1011.6,100,88,0,97,7.2,15,309,317,14.8,24.5,25.9,27.2,28.4,0.486,0.473,0.434,0.5
2024-10-17T08:00,26.1,90,24.3,31.4,0,0,3,1013.2,1012,99,42,1,98,6.4,9.3,313,313,15.5,26,25.9,27.2,28.4,0.479,0.47,0.434,0.5
2024-10-17T09:00,27.5,82,24.1,32.8,0.1,0.1,51,1013.8,1012.6,98,39,1,97,5.9,7.4,313,315,17.3,27,26,27.2,28.4,0.478,0.47,0.434,0.5
2024-10-17T10:00,28.4,80,24.6,34.5,0,0,3,1013.8,1012.7,100,100,8,96,2.2,2.6,346,344,18.4,28,26.1,27.2,28.4,0.477,0.469,0.434,0.5
2024-10-17T11:00,29.4,75,24.5,35.9,0.1,0.1,51,1012.6,1011.5,100,100,9,64,2.3,3.1,72,69,14,29.1,26.3,27.2,28.4,0.475,0.469,0.434,0.5
2024-10-17T12:00,29.4,75,24.5,35.1,0.1,0.1,51,1011.6,1010.5,100,100,12,18,4.9,5.8,86,86,14.4,29.6,26.5,27.2,28.4,0.473,0.468,0.434,0.5
2024-10-17T13:00,28.1,80,24.4,33,2.9,2.9,63,1010.7,1009.6,95,89,19,45,9.6,12,69,71,22.3,29.6,26.7,27.2,28.4,0.503,0.468,0.433,0.5
2024-10-17T14:00,28.4,82,25,34.1,1,1,55,1009.4,1008.3,79,13,7,75,6.6,8.7,69,69,22.3,29.2,26.8,27.2,28.4,0.506,0.47,0.433,0.5
2024-10-17T15:00,28.6,82,25.3,34.6,0.1,0.1,51,1008.6,1007.5,98,97,5,48,6.1,7.6,78,78,16.9,29.5,27,27.2,28.4,0.5,0.471,0.433,0.5
2024-10-17T16:00,27.9,83,24.7,33.2,0.1,0.1,51,1008.6,1007.5,70,55,19,20,8.6,11.2,106,105,19.1,29.2,27.1,27.2,28.4,0.497,0.472,0.433,0.5
2024-10-17T17:00,27.1,86,24.5,32.5,0.3,0.3,51,1009.1,1008,63,16,18,47,6.9,10.3,129,128,18.7,28.5,27.2,27.2,28.4,0.496,0.473,0.433,0.5
2024-10-17T18:00,26,93,24.7,31.8,0,0,3,1009.9,1008.7,100,4,9,100,4.7,10.4,140,136,12.2,27.7,27.3,27.2,28.4,0.494,0.473,0.433,0.5
2024-10-17T19:00,25.4,95,24.6,31.2,0,0,3,1010.9,1009.7,100,3,4,100,4.6,11.8,167,157,10.1,27.1,27.3,27.2,28.4,0.492,0.474,0.433,0.5
2024-10-17T20:00,25.8,94,24.8,31.8,0,0,1,1011.3,1010.1,37,5,8,29,4.3,11.9,138,145,8.3,27.8,27.2,27.2,28.4,0.484,0.47,0.433,0.5
2024-10-17T21:00,25.5,96,24.7,31.5,0,0,2,1012,1010.8,76,0,6,74,3.7,10.5,119,145,7.6,27.2,27.2,27.2,28.4,0.483,0.47,0.433,0.5
2024-10-17T22:00,25.2,96,24.6,31.1,0,0,1,1011.9,1010.7,40,0,5,37,4.2,10.8,115,144,7.2,26.7,27.2,27.2,28.4,0.482,0.47,0.433,0.5
2024-10-17T23:00,24.8,97,24.3,30.4,0,0,3,1011.7,1010.5,84,0,3,84,4.3,8,95,140,7.2,26.3,27.2,27.2,28.4,0.481,0.47,0.433,0.5
2024-10-18T00:00,24.4,98,24.1,29.9,0,0,3,1011.3,1010.1,100,1,2,100,4.7,8.6,113,141,6.8,26,27.1,27.2,28.4,0.48,0.471,0.433,0.5
2024-10-18T01:00,24,100,24,29.4,0,0,3,1010.8,1009.6,99,4,0,99,4.8,9.1,127,144,6.8,25.7,27,27.2,28.4,0.48,0.471,0.432,0.5
2024-10-18T02:00,23.9,100,23.9,29.2,0,0,3,1010.2,1009,100,100,0,96,4.6,8.2,189,166,7.2,25.5,27,27.2,28.4,0.479,0.471,0.432,0.5
2024-10-18T03:00,23.5,100,23.5,28.9,0,0,3,1009.7,1008.5,100,100,0,97,2.7,4.7,274,203,5.8,25.3,26.9,27.2,28.4,0.478,0.471,0.432,0.5
2024-10-18T04:00,23.5,100,23.5,28.9,0,0,3,1009.8,1008.6,100,100,0,75,2.7,5.4,278,236,4.7,25.1,26.8,27.2,28.4,0.478,0.471,0.432,0.5
2024-10-18T05:00,23.3,100,23.3,28.6,0,0,3,1010,1008.8,100,100,0,34,2.9,4.4,263,238,5.4,25,26.7,27.2,28.4,0.477,0.471,0.432,0.5
2024-10-18T06:00,23.4,100,23.4,28.8,0,0,3,1010.8,1009.6,100,100,0,78,1.8,3.9,191,204,4.3,24.9,26.6,27.2,28.4,0.477,0.471,0.432,0.5
2024-10-18T07:00,24.5,99,24.3,30.5,0,0,3,1011.5,1010.3,100,100,3,83,2.3,3.5,225,204,8.3,25.2,26.5,27.2,28.4,0.476,0.471,0.432,0.5
2024-10-18T08:00,27,88,24.8,32.9,0,0,3,1012.4,1011.2,90,4,11,88,4.8,6.9,315,313,16.6,26.6,26.5,27.2,28.4,0.476,0.471,0.433,0.5
2024-10-18T09:00,28.3,81,24.8,34.2,0.1,0.1,51,1013.3,1012.2,84,28,7,76,4.2,5,20,21,16.9,27.6,26.5,27.2,28.4,0.475,0.471,0.433,0.5
2024-10-18T10:00,28.8,80,25,34.9,0.2,0.2,51,1013.2,1012.1,85,44,11,69,4.3,5,75,75,16.9,28.5,26.6,27.2,28.4,0.475,0.47,0.433,0.5
2024-10-18T11:00,29.3,79,25.3,35.9,0.3,0.3,51,1012.4,1011.3,48,3,9,41,6.6,7.9,77,77,20.2,29.4,26.8,27.2,28.4,0.475,0.47,0.432,0.5
2024-10-18T12:00,29.5,78,25.4,36.2,1.4,1.4,61,1011.5,1010.4,40,14,7,26,8.7,10.5,82,82,22.7,30.1,27,27.2,28.4,0.488,0.469,0.432,0.5
2024-10-18T13:00,28.7,77,24.4,34.4,7.4,7.4,63,1010.4,1009.3,85,29,6,78,7.5,9.7,70,75,24.8,30,27.2,27.2,28.4,0.505,0.486,0.432,0.5
2024-10-18T14:00,28.6,78,24.4,34,0,0,3,1009.1,1008,96,10,8,95,6.1,7.9,78,79,19.1,29.8,27.3,27.2,28.4,0.501,0.486,0.432,0.5
2024-10-18T15:00,28.8,76,24.2,34.3,0,0,3,1008.5,1007.4,100,25,1,100,5.1,6.6,72,73,15.1,29.7,27.5,27.2,28.4,0.498,0.486,0.432,0.5
2024-10-18T16:00,28.4,77,24,33.3,0.2,0.2,51,1009,1007.9,100,27,10,100,7.9,10.5,87,87,16.6,29.5,27.6,27.2,28.4,0.496,0.486,0.432,0.499
2024-10-18T17:00,27.6,83,24.4,32.9,0,0,3,1009.7,1008.6,100,12,10,100,7.5,12.3,101,100,16.9,28.8,27.7,27.2,28.4,0.494,0.486,0.432,0.499
2024-10-18T18:00,26.5,89,24.6,32.3,0,0,3,1010.3,1009.1,96,5,11,96,4.6,11.2,108,106,13.3,28.2,27.7,27.2,28.4,0.493,0.486,0.432,0.499
2024-10-18T19:00,25.9,94,24.8,32,0,0,3,1011.5,1010.3,94,3,5,94,3.5,10.1,111,107,7.9,27.6,27.7,27.2,28.4,0.492,0.486,0.432,0.499
2024-10-18T20:00,26.3,93,25,32.2,0,0,1,1012.3,1011.1,32,1,20,16,5.3,13.2,108,114,11.5,28.4,27.7,27.2,28.4,0.48,0.466,0.433,0.499
2024-10-18T21:00,25.9,95,24.9,32,0,0,0,1012.7,1011.5,16,1,15,2,3.8,10.6,107,118,9.4,27.7,27.7,27.2,28.4,0.479,0.466,0.433,0.499
2024-10-18T22:00,25.5,96,24.8,31.6,0,0,0,1012.7,1011.5,6,4,0,1,3.5,9.9,129,134,6.5,27.2,27.6,27.2,28.4,0.478,0.466,0.433,0.499
2024-10-18T23:00,25.1,97,24.6,30.9,0,0,0,1012.5,1011.3,17,5,15,0,4.5,9.2,133,135,6.1,26.8,27.6,27.2,28.4,0.478,0.466,0.432,0.499
2024-10-19T00:00,25.3,96,24.6,31.2,0,0,1,1012.3,1011.1,25,5,24,1,3.7,6.7,125,126,6.5,26.5,27.5,27.2,28.4,0.477,0.466,0.432,0.499
2024-10-19T01:00,24.8,98,24.4,30.6,0,0,1,1011.8,1010.6,23,7,20,0,3.6,6.3,81,114,5,26.2,27.5,27.2,28.4,0.476,0.466,0.432,0.499
2024-10-19T02:00,24.7,99,24.4,30.4,0,0,0,1011.5,1010.3,18,8,16,0,4.1,10.3,105,112,6.8,26.1,27.4,27.2,28.4,0.476,0.466,0.432,0.499
2024-10-19T03:00,24.5,99,24.3,30.2,0,0,0,1011.3,1010.1,19,7,16,0,4.2,10.3,110,121,7.2,25.9,27.3,27.2,28.4,0.475,0.466,0.432,0.499
2024-10-19T04:00,24.3,99,24.1,29.9,0,0,1,1011.4,1010.2,26,7,21,0,3.3,8.1,112,133,7.9,25.7,27.2,27.2,28.4,0.475,0.466,0.432,0.499
2024-10-19T05:00,24.3,99,24.1,30.1,0,0,3,1011.8,1010.6,83,16,19,77,2.8,7.8,101,130,8.3,25.7,27.1,27.2,28.4,0.474,0.466,0.432,0.499
2024-10-19T06:00,24.1,100,24.1,30.1,0,0,3,1012.6,1011.4,87,11,8,84,1.1,4.8,360,158,5.8,25.5,27,27.2,28.4,0.474,0.466,0.432,0.499
2024-10-19T07:00,25.1,96,24.5,31.1,0,0,3,1013.3,1012.1,94,37,46,84,3.1,2.4,357,42,8.3,25.8,27,27.2,28.4,0.474,0.466,0.432,0.499
2024-10-19T08:00,25.4,91,23.9,31,0,0,3,1014.6,1013.4,100,41,17,100,3.3,4,22,27,11.5,26.8,26.9,27.2,28.4,0.475,0.465,0.432,0.499
2024-10-19T09:00,26.2,88,24,32,0.3,0.3,51,1015.2,1014,100,100,29,100,2.1,2.7,322,318,15.5,27.3,26.9,27.2,28.4,0.477,0.465,0.432,0.499
2024-10-19T10:00,27.3,83,24.1,32.9,0.1,0.1,51,1014.8,1013.6,100,100,14,100,4,4.9,324,324,18,27.9,27,27.2,28.4,0.476,0.465,0.432,0.499
2024-10-19T11:00,28.1,81,24.5,34.1,0,0,3,1014.1,1013,100,100,16,100,2.9,3.7,7,14,18.7,28.7,27,27.2,28.4,0.474,0.465,0.432,0.499
2024-10-19T12:00,28.9,78,24.6,34.7,0,0,3,1013.2,1012.1,100,100,22,100,4.3,5.2,22,29,17.3,29.3,27.2,27.2,28.4,0.473,0.464,0.432,0.499
2024-10-19T13:00,27.3,81,23.7,32.1,1.3,1.3,61,1012.6,1011.4,100,51,60,100,8.2,10.7,64,61,23,29.6,27.3,27.2,28.4,0.481,0.464,0.432,0.499
2024-10-19T14:00,28.3,81,24.7,34.2,0.2,0.2,51,1011.2,1010.1,100,20,6,100,4.7,6.2,32,33,20.2,29.6,27.4,27.2,28.4,0.48,0.464,0.432,0.499
2024-10-19T15:00,28,81,24.4,33.1,0.1,0.1,51,1010.8,1009.7,100,93,48,95,8.2,10.5,36,35,20.5,29.6,27.5,27.2,28.4,0.479,0.464,0.432,0.499
2024-10-19T16:00,26.1,88,24,31.6,2.5,2.5,63,1011.3,1010.1,91,44,29,81,4.2,6.9,54,59,23,28.8,27.6,27.3,28.4,0.503,0.465,0.432,0.499
2024-10-19T17:00,26,88,23.9,31.5,0.2,0.2,51,1011.6,1010.4,97,57,21,92,3.6,6.2,27,33,10.8,28,27.7,27.3,28.4,0.5,0.466,0.432,0.499
2024-10-19T18:00,25.1,94,24,30.3,0,0,3,1012.4,1011.2,94,16,25,91,5.7,5.5,233,226,9.4,27.1,27.6,27.3,28.4,0.496,0.467,0.432,0.499
2024-10-19T19:00,24.4,98,24.1,29.7,0,0,2,1013.3,1012.1,78,16,3,73,5.7,8.6,257,248,10.1,26.5,27.6,27.3,28.4,0.494,0.468,0.432,0.499
2024-10-19T20:00,24.1,96,23.4,28.5,0,0,3,1013.9,1012.7,95,14,19,93,8.7,14.1,291,281,16.9,26.8,27.3,27.3,28.4,0.491,0.469,0.432,0.499
2024-10-19T21:00,23.9,98,23.6,28.7,0,0,3,1014.4,1013.2,100,100,15,61,7.6,15.9,306,303,14.4,26.2,27.3,27.3,28.3,0.489,0.47,0.432,0.499
2024-10-19T22:00,24.2,96,23.6,29,0,0,3,1014.8,1013.6,100,96,23,94,7.1,16.5,317,311,12.2,25.8,27.2,27.3,28.3,0.488,0.47,0.432,0.499
2024-10-19T23:00,24.2,97,23.7,29,0,0,3,1014.7,1013.5,97,24,16,95,7.4,15.7,302,311,11.5,25.6,27.1,27.3,28.3,0.487,0.47,0.432,0.499
2024-10-20T00:00,23.9,98,23.5,28.7,0,0,1,1014.5,1013.3,33,11,7,20,7.3,15.2,303,311,12.2,25.4,27,27.3,28.3,0.486,0.471,0.432,0.499
2024-10-20T01:00,23.7,99,23.4,28.3,0,0,3,1013.8,1012.6,99,19,12,99,7.4,16.3,309,313,12.6,25.1,26.9,27.3,28.3,0.485,0.471,0.432,0.499
2024-10-20T02:00,23.7,99,23.5,28.2,0,0,3,1013.3,1012.1,99,27,10,98,8.8,18.4,319,318,14.8,25,26.8,27.3,28.3,0.484,0.471,0.432,0.499
2024-10-20T03:00,24.1,98,23.8,28.6,0,0,3,1013.1,1011.9,98,20,20,97,9.8,19,324,322,16.9,24.9,26.7,27.3,28.3,0.483,0.471,0.432,0.499
2024-10-20T04:00,24.1,98,23.8,28.6,0,0,3,1013.1,1011.9,100,56,3,100,10.6,19.6,316,318,19.4,24.9,26.6,27.3,28.3,0.482,0.471,0.432,0.499
2024-10-20T05:00,24.1,98,23.7,28.6,0,0,3,1013.7,1012.5,100,100,20,100,9.9,18.1,318,319,18.4,24.9,26.5,27.3,28.3,0.482,0.471,0.432,0.499
2024-10-20T06:00,23.7,98,23.4,27.9,0.3,0.3,51,1014.5,1013.3,99,82,16,95,10.6,18.2,313,316,18,24.8,26.5,27.3,28.3,0.483,0.472,0.432,0.499
2024-10-20T07:00,23.6,98,23.2,27.9,0.6,0.6,53,1015.3,1014.1,99,78,39,96,8.9,15.3,315,322,21.6,24.8,26.4,27.3,28.3,0.49,0.472,0.432,0.499
2024-10-20T08:00,25.2,90,23.4,29.3,0.7,0.7,53,1016.3,1015.1,100,97,52,99,11.2,15.2,308,310,23.4,26.1,26.4,27.2,28.3,0.486,0.47,0.432,0.499
2024-10-20T09:00,25.2,91,23.5,28.9,0.3,0.3,51,1017,1015.8,100,100,2,100,14,18.3,298,299,27,26.3,26.4,27.2,28.3,0.487,0.471,0.432,0.499
2024-10-20T10:00,26.6,86,24.1,30.8,0.2,0.2,51,1016.8,1015.6,94,25,17,91,13.5,18.1,319,317,29.2,27,26.4,27.2,28.3,0.487,0.471,0.432,0.499
2024-10-20T11:00,28,79,24.1,32.5,0.2,0.2,51,1016.3,1015.1,100,35,42,100,11.5,15.2,330,333,27.7,27.7,26.5,27.2,28.3,0.486,0.47,0.432,0.499
2024-10-20T12:00,29,75,24.1,34,0.1,0.1,51,1015.2,1014.1,100,100,58,100,11.3,14.6,2,4,28.1,28.6,26.6,27.2,28.3,0.483,0.47,0.432,0.498
2024-10-20T13:00,28.7,73,23.4,32.7,0.5,0.5,53,1014.1,1013,100,17,23,100,12.2,16,19,21,28.4,29,26.8,27.2,28.3,0.484,0.469,0.432,0.498
2024-10-20T14:00,28.7,74,23.5,32.8,0.6,0.6,53,1012.8,1011.7,95,22,17,92,11.8,16.1,20,20,25.9,29,26.9,27.2,28.3,0.486,0.469,0.432,0.498
2024-10-20T15:00,28.8,79,24.7,33.5,0.5,0.5,53,1012.4,1011.3,68,23,8,55,12.4,16.9,34,36,25.9,29.1,27,27.2,28.3,0.488,0.469,0.431,0.498
2024-10-20T16:00,28.4,78,24.2,33.1,0.2,0.2,51,1012.1,1011,28,14,17,0,10.9,14.9,44,45,25.9,28.8,27.1,27.2,28.3,0.486,0.469,0.431,0.498
2024-10-20T17:00,27.6,82,24.2,32.6,0.1,0.1,51,1012.1,1011,98,23,5,98,8.4,16.6,45,50,21.2,28.3,27.2,27.2,28.3,0.486,0.469,0.431,0.498
2024-10-20T18:00,26.3,86,23.8,31.5,0.6,0.6,53,1013,1011.8,100,44,51,100,4.7,14.2,32,50,14.8,27.5,27.3,27.2,28.3,0.489,0.47,0.431,0.498
2024-10-20T19:00,25.7,90,24,31.1,0.2,0.2,51,1013.9,1012.7,100,40,29,100,4.6,6.6,281,323,7.9,26.9,27.3,27.2,28.3,0.488,0.47,0.431,0.498
2024-10-20T20:00,25.2,93,23.9,30.1,0,0,3,1014.6,1013.4,97,31,9,95,8,8.6,293,311,13.3,27.1,27.2,27.2,28.3,0.481,0.47,0.432,0.498
2024-10-20T21:00,24.1,96,23.5,28.3,0,0,3,1015,1013.8,100,29,20,100,11.2,18.2,288,305,19.1,26.5,27.2,27.2,28.3,0.48,0.47,0.432,0.498
2024-10-20T22:00,23.5,99,23.3,27.6,0.2,0.2,51,1015.4,1014.2,100,31,40,100,10.7,17.1,283,296,18.7,25.9,27.1,27.2,28.3,0.481,0.47,0.432,0.498
2024-10-20T23:00,23.5,98,23.1,27.2,0.3,0.3,51,1015.1,1013.9,100,42,24,100,12.6,20.2,299,307,21.2,25.4,27,27.2,28.3,0.483,0.47,0.432,0.498
2024-10-21T00:00,23.5,97,23,27,0.3,0.3,51,1015.2,1014,100,100,55,50,13.3,22.8,305,308,23.4,25.1,26.9,27.3,28.3,0.485,0.47,0.432,0.498
2024-10-21T01:00,23.1,99,23,26.7,0.9,0.9,53,1014.7,1013.5,100,99,55,100,13.4,23.3,288,298,23.8,24.8,26.8,27.3,28.3,0.495,0.471,0.432,0.498
2024-10-21T02:00,23.3,97,22.9,26.9,0.7,0.7,53,1013.9,1012.7,100,79,62,96,12.7,22.1,291,296,23.4,24.6,26.7,27.2,28.3,0.501,0.472,0.432,0.498
2024-10-21T03:00,23.5,97,23.1,27.3,0.5,0.5,53,1014.2,1013,100,100,89,98,11.9,20.6,305,310,21.2,24.5,26.6,27.2,28.3,0.503,0.473,0.432,0.498
2024-10-21T04:00,23.5,98,23.1,27.6,0.2,0.2,51,1013.8,1012.6,98,47,45,96,10.3,18.7,313,315,20.2,24.5,26.5,27.2,28.3,0.501,0.474,0.432,0.498
2024-10-21T05:00,23.5,98,23.2,27.6,0.6,0.6,53,1013.8,1012.6,100,67,100,100,10.5,19.3,321,319,18.4,24.4,26.4,27.2,28.3,0.505,0.475,0.432,0.498
2024-10-21T06:00,23.6,98,23.3,28,0.6,0.6,53,1014.3,1013.1,100,60,85,100,8.9,16.2,310,316,18,24.4,26.3,27.2,28.3,0.507,0.477,0.432,0.498
2024-10-21T07:00,23.4,98,23.1,27.9,2,2,61,1015.2,1014,100,100,47,98,7.6,14.3,308,318,16.9,24.5,26.2,27.2,28.3,0.519,0.482,0.432,0.498
2024-10-21T08:00,24.9,91,23.2,28.6,0.4,0.4,51,1015.2,1014,99,52,88,93,13.2,17.8,328,327,25.2,25.7,26.3,27.2,28.3,0.513,0.51,0.435,0.498
2024-10-21T09:00,24.9,93,23.7,29.2,2.6,2.6,63,1016.6,1015.4,100,100,54,97,11.2,15.2,330,331,26.3,25.9,26.2,27.2,28.3,0.52,0.515,0.436,0.498
2024-10-21T10:00,25.1,91,23.6,29.3,0.2,0.2,51,1016.1,1014.9,100,71,54,100,10.7,14.3,337,339,25.9,26.1,26.2,27.2,28.3,0.492,0.514,0.439,0.498
2024-10-21T11:00,25.6,88,23.5,29.3,0.3,0.3,51,1015,1013.8,100,100,14,100,13.8,18.4,323,323,28.1,26.3,26.3,27.2,28.3,0.494,0.511,0.44,0.498
2024-10-21T12:00,26.7,85,23.9,31.4,0.4,0.4,51,1014.3,1013.1,100,100,100,97,9.5,11.8,297,299,27,27.1,26.3,27.2,28.3,0.495,0.509,0.44,0.498
2024-10-21T13:00,27,83,23.9,31.9,0,0,3,1013.3,1012.1,100,67,72,100,7.8,9.8,320,320,25.2,27.3,26.4,27.2,28.3,0.494,0.507,0.441,0.498
2024-10-21T14:00,28.3,79,24.4,33.5,0,0,3,1012,1010.9,100,100,3,100,7.8,9.7,338,341,22,28.1,26.5,27.2,28.3,0.492,0.505,0.441,0.498
2024-10-21T15:00,28.1,79,24.1,33,0.1,0.1,51,1010.9,1009.8,100,88,12,100,8.8,11.4,358,355,20.2,28.2,26.6,27.2,28.3,0.491,0.504,0.441,0.498
2024-10-21T16:00,27.8,79,23.9,32.8,0,0,3,1011,1009.9,100,41,12,100,7.4,10.2,14,14,18.7,28,26.7,27.2,28.3,0.49,0.502,0.441,0.498
2024-10-21T17:00,27.2,83,24.1,32.5,0.1,0.1,51,1011.1,1010,100,13,1,100,5.6,11.9,31,32,14.8,27.7,26.8,27.2,28.3,0.49,0.501,0.442,0.498
2024-10-21T18:00,25.6,91,24,31.1,0.1,0.1,51,1011.9,1010.7,100,27,3,100,4.7,10.7,16,31,10.1,27.1,26.8,27.2,28.3,0.491,0.5,0.442,0.498
2024-10-21T19:00,25.3,92,24,30.9,0,0,3,1012.7,1011.5,98,20,1,97,3.6,8.1,315,6,6.8,26.5,26.8,27.2,28.3,0.49,0.5,0.442,0.498
2024-10-21T20:00,25,94,23.9,30.2,0.1,0.1,51,1013.2,1012,100,25,7,100,6.3,9,290,334,10.4,26.7,26.9,27.2,28.3,0.493,0.499,0.44,0.498
2024-10-21T21:00,24.7,95,23.8,29.5,0.1,0.1,51,1013.9,1012.7,100,74,39,100,8,11.6,286,316,13.3,26.3,26.9,27.2,28.3,0.493,0.498,0.44,0.498
2024-10-21T22:00,24.2,96,23.5,28.5,0.2,0.2,51,1014.4,1013.2,100,100,45,100,10,16.1,287,302,16.2,25.9,26.9,27.2,28.3,0.494,0.498,0.44,0.498
2024-10-21T23:00,24,98,23.6,28.2,0.3,0.3,51,1014.8,1013.6,100,61,54,98,10.7,19.8,297,305,18.4,25.5,26.8,27.2,28.3,0.496,0.497,0.44,0.498
2024-10-22T00:00,23.9,99,23.7,28.5,0.2,0.2,51,1014.6,1013.4,99,98,57,2,9,16.7,300,313,16.2,25.2,26.7,27.2,28.3,0.497,0.497,0.44,0.498
2024-10-22T01:00,24,99,23.7,28.5,0.3,0.3,51,1014.4,1013.2,100,100,39,0,9.5,16.8,316,323,14.8,25.1,26.6,27.2,28.3,0.499,0.496,0.44,0.498
2024-10-22T02:00,23.6,99,23.4,28.3,0.4,0.4,51,1014.1,1012.9,80,59,55,0,7.2,13.6,323,334,17.6,24.9,26.5,27.2,28.3,0.503,0.496,0.441,0.498
2024-10-22T03:00,23.3,99,23.2,27.5,0.4,0.4,51,1013.8,1012.6,97,94,46,0,9.9,18.1,314,327,15.5,24.7,26.4,27.2,28.3,0.506,0.496,0.441,0.498
2024-10-22T04:00,23.6,99,23.3,27.6,0.2,0.2,51,1013.5,1012.3,95,93,26,1,11.7,21.2,315,330,19.1,24.6,26.4,27.2,28.3,0.505,0.497,0.441,0.498
2024-10-22T05:00,23.8,97,23.2,27.9,0.2,0.2,51,1013.5,1012.3,100,100,38,1,10.1,19.4,327,345,19.1,24.5,26.3,27.2,28.3,0.505,0.497,0.441,0.498
2024-10-22T06:00,23.7,98,23.3,28,0.3,0.3,51,1013.7,1012.5,61,54,32,1,9.1,15.8,309,333,18,24.5,26.2,27.2,28.3,0.506,0.497,0.441,0.498
2024-10-22T07:00,23.9,99,23.8,28.4,0.5,0.5,53,1014.2,1013,100,100,56,2,9.7,15.8,292,312,17.3,24.6,26.1,27.2,28.3,0.509,0.498,0.441,0.498
2024-10-22T08:00,24.1,97,23.5,28.7,0.6,0.6,53,1015.4,1014.2,100,100,27,99,7.9,11.7,339,343,21.2,24.9,26.1,27.2,28.3,0.508,0.496,0.441,0.498
2024-10-22T09:00,24.4,95,23.5,29,0.5,0.5,53,1015.4,1014.2,100,100,37,100,8.2,11,319,320,17.3,25.2,26,27.2,28.3,0.509,0.497,0.441,0.498
2024-10-22T10:00,24.7,94,23.6,29,0.7,0.7,53,1015.6,1014.4,100,100,62,100,10.8,14.1,303,308,22,25.6,26,27.2,28.3,0.51,0.498,0.442,0.498
2024-10-22T11:00,25.5,90,23.7,30.2,0.7,0.7,53,1015,1013.8,100,100,28,94,8.9,11.5,284,287,23.8,25.8,26,27.2,28.3,0.512,0.499,0.442,0.498
2024-10-22T12:00,26.9,88,24.7,32.5,0.2,0.2,51,1014.3,1013.1,100,100,74,5,5.9,7.9,308,317,24.8,26.5,26,27.2,28.3,0.508,0.499,0.442,0.498
2024-10-22T13:00,27.9,82,24.5,32.9,0.2,0.2,51,1013.4,1012.3,86,47,16,70,9.7,13.3,51,52,21.6,27.2,26.1,27.2,28.3,0.506,0.499,0.442,0.498
2024-10-22T14:00,28.4,74,23.3,31.6,0.2,0.2,51,1012.4,1011.3,91,17,22,86,17,23,51,51,35.3,27.8,26.2,27.2,28.3,0.503,0.499,0.442,0.498
2024-10-22T15:00,28.2,74,23.2,31.3,0,0,1,1011.5,1010.4,27,22,6,0,17.4,25.2,44,43,35.3,28,26.3,27.2,28.3,0.5,0.498,0.442,0.497
2024-10-22T16:00,27.8,76,23.2,31.1,0.1,0.1,51,1011.7,1010.6,42,26,28,0,15.8,25,48,48,33.5,28,26.5,27.2,28.3,0.498,0.497,0.442,0.497
2024-10-22T17:00,26.7,82,23.3,30.8,0.2,0.2,51,1012,1010.8,50,22,36,0,11,19.9,42,47,29.5,27.5,26.5,27.2,28.3,0.498,0.497,0.443,0.497
2024-10-22T18:00,25.5,87,23.2,30.4,0.6,0.6,53,1012.7,1011.5,75,28,67,0,4.7,14.7,83,72,19.1,26.8,26.6,27.2,28.3,0.502,0.496,0.443,0.497
2024-10-22T19:00,25,92,23.6,30.5,0.5,0.5,53,1013.9,1012.7,97,41,96,0,2.6,6,321,16,8.6,26.2,26.6,27.2,28.3,0.505,0.496,0.443,0.497
2024-10-22T20:00,24.5,96,23.8,29,0.2,0.2,51,1014.3,1013.1,97,97,6,0,10.3,13.9,258,271,25.6,26.9,26.9,27.2,28.3,0.496,0.492,0.442,0.497
2024-10-22T21:00,23.4,99,23.2,27,0.1,0.1,51,1014.6,1013.4,40,32,12,0,13.9,23.1,280,285,30.2,26.1,26.9,27.2,28.3,0.495,0.492,0.442,0.497
2024-10-22T22:00,23.2,99,23,26.7,0.3,0.3,51,1014.9,1013.7,74,41,35,32,14.1,25.9,304,303,23,25.4,26.8,27.2,28.3,0.497,0.492,0.443,0.497
2024-10-22T23:00,23.4,97,22.9,26.9,0.2,0.2,51,1015.2,1014,51,22,38,0,13.5,24,308,308,24.5,24.9,26.7,27.2,28.3,0.497,0.492,0.443,0.497
2024-10-23T00:00,23.1,97,22.6,26.6,0.1,0.1,51,1014.6,1013.4,88,82,35,0,11.8,20.8,293,298,29.5,24.6,26.6,27.2,28.3,0.497,0.492,0.443,0.497
2024-10-23T01:00,22.8,97,22.3,26.5,0.2,0.2,51,1014.2,1013,91,82,51,0,9.7,18.3,321,305,20.9,24.3,26.5,27.2,28.3,0.497,0.492,0.443,0.497
2024-10-23T02:00,22.7,96,22.1,26.5,3,3,63,1014.3,1013.1,100,100,60,0,8.4,18,318,322,19.8,24.1,26.3,27.2,28.3,0.513,0.499,0.443,0.497
2024-10-23T03:00,23,97,22.4,26.6,1.7,1.7,61,1013.9,1012.7,100,100,32,0,10.4,18.5,302,323,19.8,24,26.2,27.2,28.3,0.51,0.507,0.443,0.497
2024-10-23T04:00,23.1,98,22.7,26.9,0.8,0.8,53,1014,1012.8,99,98,61,3,10.4,17.9,330,348,18,24,26.1,27.2,28.3,0.515,0.507,0.444,0.497
2024-10-23T05:00,22.8,99,22.6,26.5,3.4,3.4,63,1014.1,1012.9,100,100,100,33,10.9,18.4,304,318,24.8,24,26,27.2,28.3,0.508,0.519,0.444,0.497
2024-10-23T06:00,22.6,99,22.4,26.2,1.9,1.9,61,1014.8,1013.6,100,100,100,21,10.3,18.6,305,321,27,23.9,25.9,27.2,28.3,0.496,0.517,0.448,0.497
2024-10-23T07:00,22.8,98,22.6,26.8,2.5,2.5,63,1015.4,1014.2,100,100,100,23,8.7,15.3,308,332,19.4,23.9,25.8,27.2,28.3,0.509,0.52,0.449,0.497
2024-10-23T08:00,24.7,93,23.5,28.6,1,1,55,1015.5,1014.3,100,100,100,99,12.6,19.3,340,345,26.6,25.3,25.9,27.1,28.3,0.514,0.514,0.458,0.497
2024-10-23T09:00,25.4,92,24,29.7,2.1,2.1,61,1016.1,1014.9,100,100,100,100,12.3,17.5,356,355,31,25.7,25.9,27.1,28.3,0.516,0.517,0.459,0.497
2024-10-23T10:00,25.7,87,23.5,28.9,2.9,2.9,63,1016.1,1014.9,100,67,65,100,17.5,25.5,26,25,34.2,26,25.9,27.1,28.3,0.517,0.516,0.462,0.497
2024-10-23T11:00,26.7,85,23.9,30.6,2.7,2.7,63,1015.9,1014.7,100,100,84,99,14.5,20.2,12,11,36,26.7,26,27.1,28.3,0.506,0.516,0.466,0.497
2024-10-23T12:00,26.6,84,23.6,30.3,3.3,3.3,63,1015,1013.8,100,78,80,100,15.8,22.5,21,21,36,27.2,26.1,27.1,28.3,0.495,0.517,0.468,0.497
2024-10-23T13:00,26.5,77,22.2,28.6,0.8,0.8,53,1014,1012.8,100,67,62,99,20.1,28.3,10,10,41,27.3,26.1,27.1,28.3,0.501,0.513,0.469,0.497
2024-10-23T14:00,26.9,75,22,28.8,2.6,2.6,63,1013.1,1011.9,99,22,8,99,22.1,30.2,21,20,42.5,27.3,26.2,27.1,28.3,0.506,0.516,0.47,0.497
2024-10-23T15:00,26.8,72,21.4,28.4,0.1,0.1,51,1012.6,1011.4,100,20,4,100,21,29,21,20,45,27.4,26.3,27.1,28.3,0.502,0.513,0.471,0.497
2024-10-23T16:00,26.4,72,21.1,28.4,0,0,3,1012.8,1011.6,100,19,0,100,16.6,24.1,29,28,41.4,27.3,26.4,27.1,28.3,0.499,0.511,0.471,0.497
2024-10-23T17:00,25.5,74,20.6,27.9,0,0,3,1013.3,1012.1,100,18,6,100,11.6,21.4,36,35,30.6,26.8,26.4,27.1,28.3,0.497,0.51,0.472,0.497
2024-10-23T18:00,24.7,77,20.3,27.4,0,0,3,1014,1012.8,99,46,14,98,8.7,19.8,40,40,20.5,26.2,26.5,27.1,28.3,0.496,0.508,0.472,0.497
2024-10-23T19:00,24.5,79,20.6,27.6,0,0,2,1014.6,1013.4,75,29,0,64,7.2,17.5,22,32,15.5,25.8,26.4,27.1,28.3,0.495,0.507,0.472,0.497
2024-10-23T20:00,24.1,81,20.6,27.4,0,0,3,1014.8,1013.6,100,100,0,99,5.9,11.6,305,338,11.2,26,26.2,27.1,28.3,0.491,0.503,0.467,0.497
2024-10-23T21:00,23.3,87,20.9,26.2,0.1,0.1,51,1015,1013.8,100,62,0,100,9.9,16.5,275,290,15.8,25.5,26.2,27.1,28.3,0.491,0.502,0.467,0.497
2024-10-23T22:00,23.3,85,20.6,25.8,0,0,3,1015.2,1014,100,72,0,100,11.2,19.3,285,291,18.4,25.2,26.1,27.1,28.3,0.49,0.501,0.468,0.497
2024-10-23T23:00,23.4,83,20.3,26,0,0,3,1015,1013.8,100,51,0,100,9.6,17.9,303,306,18.4,24.9,26.1,27.1,28.3,0.49,0.501,0.468,0.497
2024-10-24T00:00,22.9,84,20.1,25.6,0,0,3,1014.9,1013.7,100,100,14,100,8.2,17.6,303,293,15.8,24.6,26,27.1,28.3,0.489,0.5,0.468,0.497
2024-10-24T01:00,23,83,19.9,25.4,0,0,3,1014.6,1013.4,100,100,25,100,9.4,18.2,313,298,15.5,24.5,26,27.1,28.3,0.489,0.499,0.468,0.497
2024-10-24T02:00,22.3,85,19.6,24.4,0,0,3,1014.1,1012.9,100,50,26,100,10.3,20.3,311,303,17.3,24.2,25.9,27.1,28.3,0.488,0.499,0.468,0.497
2024-10-24T03:00,21.8,85,19.1,23.5,0,0,3,1013.5,1012.3,100,10,10,100,11.4,23.2,321,308,19.1,23.9,25.8,27.1,28.3,0.488,0.498,0.468,0.497
2024-10-24T04:00,21.5,83,18.4,22.5,0,0,3,1013.5,1012.3,99,22,30,98,13.9,26.9,321,317,23,23.7,25.7,27.1,28.3,0.487,0.498,0.468,0.497
2024-10-24T05:00,21.6,78,17.7,22.2,0,0,3,1013.4,1012.2,100,32,0,100,14.8,27.9,318,317,25.2,23.5,25.6,27.1,28.3,0.487,0.497,0.468,0.497
2024-10-24T06:00,21.3,78,17.3,21.8,0,0,3,1014,1012.8,100,26,0,100,14,26.6,313,313,25.2,23.3,25.5,27.1,28.3,0.486,0.497,0.468,0.497
2024-10-24T07:00,21.4,81,18,22.3,0,0,3,1014.4,1013.2,100,0,0,100,13.9,25.2,317,315,24.1,23.3,25.4,27.1,28.3,0.485,0.496,0.468,0.497
2024-10-24T08:00,23.7,74,18.8,24.9,0,0,3,1014.9,1013.7,100,0,0,100,14,21.6,315,316,26.3,24.7,25.5,27,28.3,0.493,0.498,0.468,0.497
2024-10-24T09:00,24.7,68,18.3,25.9,0,0,3,1015.3,1014.1,100,0,0,100,13,17.8,313,315,27,25.3,25.5,27,28.3,0.49,0.497,0.468,0.497
2024-10-24T10:00,25.9,64,18.5,27.5,0,0,3,1015,1013.8,100,4,0,100,12.1,16,307,308,25.9,26.2,25.6,27,28.3,0.487,0.496,0.468,0.497
2024-10-24T11:00,26.7,62,18.8,29.1,0,0,3,1013.8,1012.6,100,4,0,100,11.6,15.1,313,315,25.6,27,25.7,27,28.3,0.484,0.495,0.468,0.497
2024-10-24T12:00,27.2,62,19.2,29.8,0,0,3,1012.4,1011.2,100,22,0,100,11.5,15.3,328,330,25.2,27.7,25.8,27,28.3,0.481,0.493,0.468,0.497
2024-10-24T13:00,27.9,59,19.1,30.7,0,0,3,1011.3,1010.2,100,27,0,100,12.2,16.2,338,339,25.6,28.3,25.9,27,28.3,0.478,0.492,0.468,0.497
2024-10-24T14:00,27.7,61,19.4,29.9,0,0,3,1010.3,1009.2,100,2,0,100,11.4,15.3,334,333,25.6,28.5,26.1,27,28.3,0.476,0.491,0.468,0.497
2024-10-24T15:00,27.5,59,18.8,29.3,0,0,3,1009.9,1008.8,100,2,0,100,10.2,13.8,326,327,23.4,28.4,26.3,27,28.3,0.474,0.49,0.467,0.497
2024-10-24T16:00,26.9,61,18.9,29,0,0,3,1009.8,1008.7,100,0,0,100,8.4,13.4,326,327,19.8,28,26.4,27,28.3,0.472,0.489,0.467,0.497
2024-10-24T17:00,25.1,74,20.1,28.3,0,0,3,1010.1,1008.9,100,0,0,100,4.7,12.5,328,328,14.8,27.2,26.5,27,28.3,0.472,0.488,0.467,0.497
2024-10-24T18:00,22.8,82,19.6,25.4,0,0,3,1010.4,1009.2,100,0,0,100,7.2,10.1,335,325,9.7,26.2,26.5,27,28.3,0.472,0.488,0.467,0.497
2024-10-24T19:00,22,84,19.2,24.6,0,0,3,1011.1,1009.9,100,0,0,100,5.9,8.2,301,302,9,25.3,26.4,27,28.3,0.472,0.487,0.467,0.497
2024-10-24T20:00,21.3,79,17.5,23.1,0,0,3,1011.6,1010.4,100,0,0,100,6.5,13.6,321,288,9.4,25,26.3,27,28.3,0.474,0.486,0.467,0.497
2024-10-24T21:00,20.7,73,15.6,21.6,0,0,3,1012,1010.8,96,0,0,96,6.7,14.4,326,302,9.7,24.2,26.2,27,28.3,0.474,0.486,0.467,0.497
2024-10-24T22:00,20.2,72,14.9,20.9,0,0,1,1012.2,1011,27,0,0,27,6.4,15.8,317,300,10.1,23.5,26.1,27,28.3,0.474,0.486,0.467,0.497
2024-10-24T23:00,19.8,73,14.8,20.3,0,0,0,1012.1,1010.9,1,0,0,1,7,18.6,312,295,11.2,22.9,25.9,27,28.3,0.474,0.485,0.467,0.497
2024-10-25T00:00,19.5,71,14,19.7,0,0,1,1011.7,1010.5,25,0,0,25,7.4,19.5,309,292,11.9,22.5,25.7,27,28.3,0.474,0.485,0.467,0.497
2024-10-25T01:00,19.3,67,13,19.2,0,0,0,1011,1009.8,0,0,0,0,7.3,19.7,310,293,12.2,22.1,25.6,27,28.2,0.474,0.485,0.467,0.497
2024-10-25T02:00,19.2,67,13,19,0,0,1,1010.3,1009.1,22,0,0,22,7.9,20.2,317,300,13,21.7,25.4,27,28.2,0.473,0.485,0.467,0.497
2024-10-25T03:00,19,70,13.5,19,0,0,0,1010,1008.8,4,0,0,4,7.6,19.6,322,304,13,21.5,25.2,27,28.2,0.473,0.484,0.467,0.497
2024-10-25T04:00,18.6,74,14,18.8,0,0,0,1009.9,1008.7,0,0,0,0,7.9,19,321,307,13,21.2,25,27,28.2,0.473,0.484,0.467,0.497
2024-10-25T05:00,18.4,78,14.4,18.6,0,0,0,1010,1008.8,2,0,0,2,8.3,19.5,321,311,14,21,24.8,27,28.2,0.473,0.484,0.467,0.497
2024-10-25T06:00,18.4,78,14.5,18.5,0,0,3,1010.5,1009.3,99,0,0,99,9.1,20.6,328,316,14.8,20.9,24.6,27,28.2,0.473,0.484,0.467,0.497
2024-10-25T07:00,20.2,76,15.7,20.5,0,0,3,1011.3,1010.1,100,0,0,100,11.4,21.2,329,320,18,21.1,24.4,26.9,28.2,0.472,0.483,0.466,0.497
2024-10-25T08:00,23.2,79,19.3,25.4,0,0,3,1012.1,1010.9,100,0,0,100,9.1,23.4,324,325,19.4,22.3,24.4,26.9,28.2,0.48,0.486,0.464,0.497
2024-10-25T09:00,25.3,72,19.9,27.5,0,0,3,1012.4,1011.2,99,0,0,99,11.1,16.2,323,324,22.7,23.7,24.4,26.9,28.2,0.479,0.485,0.464,0.497
2024-10-25T10:00,26.6,60,18.2,28.7,0,0,2,1012.2,1011,50,0,0,50,11,14.6,325,326,24.8,25.1,24.5,26.9,28.2,0.476,0.484,0.464,0.497
2024-10-25T11:00,27.4,54,17.4,29.9,0,0,3,1011.1,1010,97,0,0,97,11.2,14.7,330,332,24.1,26.3,24.6,26.9,28.2,0.473,0.483,0.464,0.497
2024-10-25T12:00,27.8,52,17.1,30.2,0,0,3,1010.1,1009,86,0,0,86,12.8,17,336,336,26.6,27.2,24.7,26.9,28.2,0.469,0.481,0.464,0.497
2024-10-25T13:00,28,50,16.7,30.1,0,0,3,1009.2,1008.1,100,0,0,100,12.6,16.9,346,345,27,27.8,25,26.9,28.2,0.466,0.48,0.463,0.497
2024-10-25T14:00,27.8,53,17.3,29.9,0,0,3,1008.2,1007.1,97,0,0,97,11,14.6,2,359,25.9,28.1,25.2,26.9,28.2,0.463,0.479,0.463,0.497
2024-10-25T15:00,27.3,57,18.2,29,0,0,2,1007.8,1006.7,75,0,0,75,9.9,13,16,11,23,28.1,25.4,26.9,28.2,0.461,0.478,0.463,0.497
2024-10-25T16:00,26.5,62,18.7,28.7,0,0,3,1007.6,1006.5,82,0,0,82,7.5,10.6,15,11,20.2,27.6,25.5,26.9,28.2,0.459,0.477,0.463,0.497
2024-10-25T17:00,24.5,79,20.6,28,0,0,3,1007.9,1006.7,89,0,0,89,4.3,10.4,24,9,14,26.9,25.7,26.9,28.2,0.459,0.476,0.463,0.496
2024-10-25T18:00,21.8,83,18.8,23.9,0,0,0,1008.8,1007.6,3,0,0,3,7.9,10.5,49,24,10.4,25.6,25.7,26.9,28.2,0.459,0.476,0.463,0.496
2024-10-25T19:00,21,84,18.2,22.8,0,0,3,1009.7,1008.5,100,0,0,100,8.4,11.2,23,19,10.4,24.6,25.7,26.9,28.2,0.459,0.476,0.463,0.496
2024-10-25T20:00,21.8,78,17.9,23.8,0,0,3,1009.7,1008.5,95,0,0,95,6.2,7.9,7,3,9.7,24.8,25.7,26.8,28.2,0.459,0.473,0.462,0.496
2024-10-25T21:00,21,81,17.7,22.8,0,0,3,1009.9,1008.7,94,0,0,94,6.5,9.4,316,317,7.9,23.9,25.6,26.8,28.2,0.459,0.472,0.462,0.496
2024-10-25T22:00,19.5,90,17.8,21,0,0,3,1010,1008.8,100,0,0,100,8.6,12.9,296,298,10.8,23.2,25.5,26.8,28.2,0.459,0.472,0.462,0.496
2024-10-25T23:00,19.6,89,17.6,21.3,0,0,3,1010.1,1008.9,100,0,0,100,6.9,17.6,309,299,10.8,22.6,25.4,26.8,28.2,0.459,0.472,0.462,0.496
2024-10-26T00:00,20,80,16.4,20.7,0,0,3,1009.8,1008.6,100,0,0,100,10.5,24.2,308,300,17.3,22.3,25.2,26.8,28.2,0.46,0.472,0.462,0.496
2024-10-26T01:00,20.1,70,14.6,20.1,0,0,3,1009.1,1007.9,100,0,0,100,10.7,25,312,302,17.6,22.1,25.1,26.8,28.2,0.459,0.472,0.462,0.496
2024-10-26T02:00,20,65,13.2,19.4,0,0,3,1008.6,1007.4,99,0,0,99,11.2,25.6,314,301,18.7,21.8,24.9,26.8,28.2,0.459,0.472,0.462,0.496
2024-10-26T03:00,19.6,65,12.9,18.7,0,0,3,1008.2,1007,97,0,0,97,12.2,27.4,314,303,20.5,21.6,24.8,26.8,28.2,0.459,0.471,0.462,0.496
2024-10-26T04:00,19.3,68,13.3,18.4,0,0,3,1008.3,1007.1,98,0,0,98,13.2,28.4,317,308,22,21.4,24.6,26.8,28.2,0.459,0.471,0.462,0.496
2024-10-26T05:00,19,72,13.8,18.4,0,0,3,1008.6,1007.4,100,0,0,100,12.8,27.7,321,316,22.7,21.2,24.5,26.8,28.2,0.459,0.471,0.462,0.496
2024-10-26T06:00,18.7,74,14.1,18.3,0,0,3,1009.4,1008.2,96,0,0,96,12.2,26.2,316,316,21.2,21,24.3,26.8,28.2,0.459,0.471,0.462,0.496
2024-10-26T07:00,20,74,15.3,19.7,0,0,1,1009.7,1008.5,44,0,0,44,14.5,26.6,317,316,23,21.2,24.2,26.8,28.2,0.459,0.471,0.462,0.496
2024-10-26T08:00,23.2,78,19.2,24.6,0,0,2,1009.7,1008.5,69,0,0,69,14.3,29.2,320,321,25.2,22,24,26.8,28.2,0.476,0.479,0.463,0.496
2024-10-26T09:00,25.6,66,18.9,27.2,0,0,3,1010.2,1009,81,0,0,81,12.1,18.8,320,324,24.8,23.4,24,26.7,28.2,0.474,0.479,0.463,0.496
2024-10-26T10:00,27.1,58,18.2,28.2,0,0,3,1009.8,1008.7,100,0,0,100,16.9,23.8,331,333,32,24.8,24.1,26.7,28.2,0.471,0.478,0.463,0.496
2024-10-26T11:00,27.8,54,17.7,28.8,0,0,2,1009,1007.9,79,0,0,79,19.6,27.5,350,351,37.4,25.9,24.2,26.7,28.2,0.468,0.476,0.463,0.496
2024-10-26T12:00,28.2,52,17.4,29.2,0,0,3,1008.4,1007.3,99,0,0,99,20.7,29.2,350,350,39.2,26.8,24.4,26.7,28.2,0.464,0.475,0.462,0.496
2024-10-26T13:00,28,52,17.2,28.6,0,0,3,1007.4,1006.3,100,0,0,100,19.9,28.2,355,355,39.2,27.2,24.6,26.7,28.2,0.461,0.474,0.462,0.496
2024-10-26T14:00,27.7,51,16.7,27.9,0,0,3,1006.5,1005.4,92,0,0,92,18.4,26.5,358,357,38.2,27.4,24.8,26.7,28.2,0.458,0.472,0.462,0.496
2024-10-26T15:00,27.5,54,17.3,27.9,0,0,3,1005.8,1004.7,100,0,7,100,15.7,22.8,354,354,34.2,27.4,24.9,26.7,28.2,0.455,0.471,0.462,0.496
2024-10-26T16:00,26.3,63,18.7,28.2,0,0,3,1005.5,1004.4,100,6,100,100,9,18.4,354,356,29.5,26.8,25.1,26.7,28.2,0.454,0.471,0.461,0.496
2024-10-26T17:00,25.5,67,19,28,0,0,3,1005.7,1004.6,100,17,100,100,6.4,16.7,328,333,16.2,26.2,25.2,26.7,28.2,0.454,0.47,0.461,0.496
2024-10-26T18:00,25.2,64,17.8,26.5,0,0,3,1006.1,1004.9,100,26,100,100,9.9,20.8,314,331,15.5,25.6,25.3,26.7,28.2,0.454,0.47,0.461,0.496
2024-10-26T19:00,25.4,58,16.6,26,0,0,3,1006.6,1005.4,100,95,100,100,11.5,23.9,315,329,20.2,25.3,25.3,26.7,28.2,0.454,0.47,0.461,0.496
2024-10-26T20:00,25,64,17.6,26.1,0,0,3,1006.1,1004.9,100,43,52,100,10.9,21.9,306,308,19.1,25.5,25.3,26.7,28.2,0.464,0.47,0.462,0.496
2024-10-26T21:00,24.8,64,17.6,25.6,0,0,3,1006.6,1005.4,100,100,100,100,13.2,25.8,308,304,21.6,25.1,25.3,26.7,28.2,0.464,0.47,0.461,0.496
2024-10-26T22:00,25,63,17.5,25.7,0,0,3,1006.5,1005.3,100,19,100,100,13.5,26.9,319,317,25.2,24.9,25.3,26.7,28.2,0.463,0.47,0.461,0.496
2024-10-26T23:00,25.2,62,17.3,25.7,0,0,3,1006.5,1005.3,100,100,100,100,14.2,27.6,328,332,24.5,24.8,25.3,26.6,28.2,0.463,0.47,0.461,0.496
2024-10-27T00:00,25.5,54,15.5,25,0.1,0.1,51,1006.7,1005.5,100,88,99,100,15.8,29.8,341,347,27.7,24.7,25.3,26.6,28.2,0.463,0.47,0.461,0.496
2024-10-27T01:00,22.9,75,18.3,24.4,4,4,63,1006.8,1005.6,100,30,100,100,10.6,24.3,357,0,28.1,24,25.3,26.6,28.2,0.51,0.47,0.461,0.496
2024-10-27T02:00,22,86,19.6,24,3.4,3.4,63,1006.2,1005,100,100,100,100,11.4,22,299,327,29.2,23.3,25.2,26.6,28.2,0.505,0.486,0.461,0.496
2024-10-27T03:00,21.3,85,18.6,22.2,2.5,2.5,63,1006.3,1005.1,100,100,100,100,15.7,28.1,315,330,32.8,22.7,25.1,26.6,28.2,0.512,0.494,0.461,0.496
2024-10-27T04:00,20.2,87,18,20.1,2,2,61,1006.9,1005.7,100,99,100,100,20.8,35.5,302,308,42.5,22,25,26.6,28.2,0.519,0.5,0.461,0.496
2024-10-27T05:00,20,89,18.2,19.7,4.1,4.1,63,1007.2,1006,100,100,100,100,22,37.2,313,318,45.7,21.6,24.8,26.6,28.2,0.52,0.514,0.462,0.496
2024-10-27T06:00,19.9,90,18.3,19.6,4.4,4.4,63,1007.7,1006.5,100,100,100,100,22.9,38.4,310,315,48.2,21.3,24.6,26.6,28.2,0.505,0.518,0.467,0.496
2024-10-27T07:00,20,89,18.2,19.4,1.4,1.4,61,1008.4,1007.2,100,100,100,100,25,41.5,320,325,44.6,21.1,24.5,26.6,28.2,0.517,0.516,0.468,0.496
2024-10-27T08:00,20.9,86,18.5,20.5,1.3,1.3,61,1008.5,1007.3,100,100,100,100,24.4,40.6,317,323,50.4,21.9,24.4,26.6,28.2,0.518,0.516,0.47,0.496
2024-10-27T09:00,20.8,88,18.6,20.4,2.8,2.8,63,1008.9,1007.7,100,100,100,100,24.7,40.9,318,324,49.7,21.7,24.2,26.6,28.2,0.512,0.517,0.473,0.496
2024-10-27T10:00,20.5,88,18.4,20.1,2.3,2.3,61,1009.3,1008.1,100,100,100,100,23.9,39.4,321,327,51.1,21.5,24.1,26.6,28.2,0.504,0.517,0.476,0.496
2024-10-27T11:00,20.8,85,18.1,20,0.9,0.9,53,1008.3,1007.1,100,100,100,100,26,41.5,325,331,49.7,21.5,24,26.6,28.2,0.51,0.515,0.477,0.496
2024-10-27T12:00,21.2,82,18.1,20.3,1.5,1.5,61,1007.5,1006.3,100,100,100,100,26.9,42.7,330,336,50,21.6,23.9,26.6,28.2,0.519,0.515,0.478,0.496
2024-10-27T13:00,20.6,88,18.5,20.2,2.6,2.6,63,1006.8,1005.6,100,100,100,100,23.7,38.7,325,332,49,21.5,23.8,26.5,28.2,0.511,0.517,0.481,0.496
2024-10-27T14:00,20.3,89,18.4,20.5,6.1,6.1,63,1006.5,1005.3,100,100,100,100,20.2,33.8,315,323,42.5,21.3,23.7,26.5,28.2,0.512,0.518,0.486,0.496
2024-10-27T15:00,20,89,18.1,20.2,6.1,6.1,63,1006.2,1005,100,100,100,100,19.5,32.8,309,321,36.4,21.1,23.6,26.5,28.2,0.511,0.519,0.491,0.496
2024-10-27T16:00,19.9,90,18.1,20.1,6.8,6.8,63,1006.8,1005.6,100,100,100,100,18.7,31.9,313,324,40.3,20.9,23.5,26.5,28.2,0.5,0.519,0.497,0.496
2024-10-27T17:00,19.7,90,18,19.4,4.3,4.3,63,1006.8,1005.6,100,100,100,100,22.2,37.5,314,325,40,20.7,23.4,26.5,28.2,0.518,0.518,0.5,0.496
2024-10-27T18:00,19.7,91,18.1,19.7,2.5,2.5,63,1007.6,1006.4,100,100,100,100,20,33.8,306,317,39.6,20.5,23.3,26.5,28.2,0.508,0.517,0.503,0.496
2024-10-27T19:00,19.7,92,18.3,19.7,2.4,2.4,61,1007.8,1006.6,100,100,100,79,20.3,34,296,308,39.2,20.4,23.2,26.5,28.2,0.501,0.519,0.505,0.496
2024-10-27T20:00,19.6,92,18.3,20.1,5.2,5.2,63,1008.1,1006.9,100,100,100,78,17.5,29.8,287,303,38.5,20.6,22.9,26.4,28.2,0.514,0.519,0.509,0.496
2024-10-27T21:00,20.1,91,18.7,20.5,3.3,3.3,63,1008.3,1007.1,100,100,100,100,19.7,34.5,317,330,34.6,20.5,22.9,26.4,28.2,0.515,0.518,0.512,0.496
2024-10-27T22:00,20.2,91,18.8,20.6,1.2,1.2,55,1008.6,1007.4,100,100,100,93,20.1,34.6,324,335,38.2,20.5,22.8,26.4,28.2,0.506,0.52,0.512,0.496
2024-10-27T23:00,20.7,89,18.8,20.5,0.4,0.4,51,1008.3,1007.1,100,100,100,98,23.6,39.5,336,343,42.1,20.6,22.7,26.4,28.2,0.496,0.516,0.515,0.496
2024-10-28T00:00,20.4,90,18.8,20.5,1.7,1.7,61,1007.9,1006.7,100,100,100,99,21.8,37.6,330,340,42.1,20.6,22.7,26.4,28.2,0.516,0.515,0.515,0.497
2024-10-28T01:00,20.7,88,18.7,20.7,1.4,1.4,61,1007.2,1006,100,100,100,68,22.3,38,337,344,41.8,20.6,22.6,26.4,28.2,0.497,0.517,0.516,0.497
2024-10-28T02:00,20.4,91,18.9,21,2,2,61,1006.9,1005.7,100,100,100,72,18.7,33.4,330,342,39.6,20.5,22.5,26.3,28.2,0.519,0.516,0.516,0.497
2024-10-28T03:00,20.4,91,18.9,20.9,1.8,1.8,61,1007.1,1005.9,100,100,100,67,19.6,33.9,324,336,35.6,20.5,22.5,26.3,28.2,0.507,0.517,0.518,0.497
2024-10-28T04:00,20.3,92,18.9,20.2,1.5,1.5,61,1007.1,1005.9,100,100,100,73,22.9,38.8,330,339,40.7,20.5,22.4,26.3,28.2,0.519,0.517,0.518,0.498
2024-10-28T05:00,20.2,92,18.8,20.1,1.8,1.8,61,1007.5,1006.3,100,100,100,75,22.8,38.6,328,337,41.4,20.5,22.4,26.3,28.2,0.505,0.506,0.519,0.499
2024-10-28T06:00,20.1,91,18.6,19.8,1.1,1.1,55,1008.8,1007.6,100,100,100,82,23.8,39.8,331,339,42.5,20.4,22.3,26.3,28.2,0.515,0.504,0.519,0.5
2024-10-28T07:00,20,91,18.4,19.9,1.7,1.7,61,1010,1008.8,100,85,100,100,22,37,324,333,42.8,20.3,22.3,26.3,28.2,0.508,0.511,0.518,0.5
2024-10-28T08:00,20.4,91,18.8,20.3,1.1,1.1,55,1010.6,1009.4,100,100,100,76,23.2,38.7,329,336,41.4,21.1,22.3,26.2,28.2,0.517,0.499,0.519,0.501
2024-10-28T09:00,20.3,91,18.8,20.4,2.5,2.5,63,1011.5,1010.3,100,100,100,94,22,36.5,324,332,42.1,20.9,22.3,26.2,28.2,0.519,0.506,0.519,0.501
2024-10-28T10:00,20.6,87,18.4,20.5,0.5,0.5,53,1011.6,1010.4,100,100,100,92,21.7,34.7,320,327,40,20.9,22.3,26.2,28.2,0.513,0.507,0.518,0.501
2024-10-28T11:00,20.3,89,18.5,20.4,0.8,0.8,53,1011.1,1009.9,100,100,100,86,20.6,33.8,315,324,39.2,20.8,22.3,26.2,28.2,0.515,0.506,0.518,0.502
2024-10-28T12:00,20,90,18.3,20,2.6,2.6,63,1010.3,1009.1,100,100,100,63,20.6,33.8,312,320,37.8,20.7,22.3,26.2,28.2,0.52,0.512,0.518,0.502
2024-10-28T13:00,19.9,90,18.1,20.2,1.8,1.8,61,1009.5,1008.3,100,100,100,61,18.1,30.6,308,316,37.4,20.5,22.2,26.1,28.2,0.519,0.517,0.518,0.502
2024-10-28T14:00,20.1,90,18.4,20.6,1.4,1.4,61,1008.8,1007.6,100,100,100,72,17.6,29.3,306,315,32.8,20.5,22.2,26.1,28.2,0.519,0.519,0.518,0.503
2024-10-28T15:00,20.3,91,18.7,21.4,1.5,1.5,61,1008.6,1007.4,100,100,100,100,14.8,25.1,302,311,31.3,20.6,22.2,26.1,28.2,0.498,0.507,0.52,0.504
2024-10-28T16:00,20.3,92,19,21.5,1.6,1.6,61,1008.6,1007.4,100,100,100,100,15.1,26,305,314,26.6,20.6,22.2,26.1,28.2,0.514,0.49,0.519,0.507
2024-10-28T17:00,20,91,18.5,20.6,0.8,0.8,53,1008.9,1007.7,100,100,100,100,17.2,29.6,312,322,31,20.5,22.1,26.1,28.1,0.513,0.491,0.518,0.507
2024-10-28T18:00,19.7,91,18.2,20.1,0.5,0.5,53,1009.4,1008.2,100,99,100,100,17.7,30.6,308,317,32,20.3,22.1,26.1,28.1,0.511,0.492,0.518,0.507
2024-10-28T19:00,19.6,91,18,19.9,0.6,0.6,53,1010.1,1008.9,100,100,100,100,17.6,30.2,308,319,31.7,20.1,22.1,26,28.1,0.511,0.492,0.517,0.508
2024-10-28T20:00,20,90,18.3,20.8,0.2,0.2,51,1011.2,1010,100,100,100,41,15.8,26.7,308,320,29.2,20.7,22,26,28.1,0.502,0.475,0.516,0.511
2024-10-28T21:00,20,91,18.5,20.8,0.2,0.2,51,1011.8,1010.6,100,100,100,29,16.5,28.1,303,310,28.4,20.5,22,26,28.1,0.499,0.475,0.516,0.511
2024-10-28T22:00,20.2,91,18.6,20.8,0.1,0.1,51,1011.6,1010.4,100,100,100,19,17.7,29.8,308,313,31,20.4,21.9,26,28.1,0.497,0.476,0.515,0.511
2024-10-28T23:00,20.1,90,18.4,20.7,0,0,3,1011.5,1010.3,100,100,97,28,17.6,29.5,310,314,31.3,20.3,21.9,26,28.1,0.495,0.476,0.515,0.511
2024-10-29T00:00,20,90,18.3,20.6,0,0,3,1011,1009.8,100,100,100,100,16.8,28.3,308,311,31.3,20.3,21.9,25.9,28.1,0.493,0.476,0.515,0.511
2024-10-29T01:00,19.7,93,18.5,20.3,0.7,0.7,53,1010.2,1009,100,96,100,27,17.8,30.9,306,307,31.7,20.2,21.9,25.9,28.1,0.498,0.476,0.514,0.511
2024-10-29T02:00,19.6,92,18.3,20,2.3,2.3,61,1009.5,1008.3,100,100,100,19,18,31.2,305,307,32,20.1,21.8,25.9,28.1,0.504,0.484,0.514,0.511
2024-10-29T03:00,19.5,92,18.2,19.8,0.6,0.6,53,1009.3,1008.1,100,100,100,100,18.3,31.6,306,309,32.4,20,21.8,25.9,28.1,0.507,0.484,0.514,0.511
2024-10-29T04:00,19.4,92,18.1,19.5,2.4,2.4,61,1009.4,1008.2,100,100,100,100,19.1,32.7,308,311,33.5,19.8,21.8,25.9,28.1,0.512,0.492,0.514,0.511
2024-10-29T05:00,19.3,92,18,19.2,1.6,1.6,61,1009.7,1008.5,100,100,100,99,20.6,34.9,309,312,36,19.8,21.7,25.9,28.1,0.517,0.496,0.514,0.511
2024-10-29T06:00,19.3,92,18,19.4,2.3,2.3,61,1010.4,1009.2,100,100,100,81,19.4,33.3,310,315,36.7,19.7,21.7,25.8,28.1,0.506,0.508,0.513,0.511
2024-10-29T07:00,19.3,92,18.1,19.6,1.6,1.6,61,1010.9,1009.7,100,100,100,41,18.4,31.6,306,311,34.6,19.7,21.6,25.8,28.1,0.518,0.51,0.513,0.511
2024-10-29T08:00,20,92,18.6,20.5,0,0,3,1011.9,1010.7,100,100,100,0,18.2,30.4,308,314,32.8,20.5,21.6,25.8,28.1,0.516,0.512,0.514,0.511
2024-10-29T09:00,20.2,92,18.8,20.7,0,0,3,1012.5,1011.3,100,100,100,0,18.7,31.2,308,314,33.5,20.5,21.6,25.8,28.1,0.514,0.517,0.514,0.511
2024-10-29T10:00,21.2,87,18.9,21.6,0,0,3,1012.5,1011.3,100,100,100,56,20.2,31.2,316,320,36.4,20.8,21.7,25.8,28.1,0.515,0.517,0.514,0.511
2024-10-29T11:00,22,83,19,22.7,0,0,3,1011.7,1010.5,100,100,100,85,18.6,27.2,311,314,37.8,21.4,21.7,25.7,28.1,0.51,0.516,0.515,0.511
2024-10-29T12:00,22.1,83,19,22.9,0,0,3,1010.9,1009.7,100,100,99,91,17.4,26.4,314,317,34.6,21.6,21.8,25.7,28.1,0.507,0.515,0.515,0.512
2024-10-29T13:00,22.4,83,19.4,23.6,0,0,3,1010.3,1009.1,100,100,100,92,16.5,24.2,327,327,32.8,21.9,21.8,25.7,28.1,0.506,0.514,0.515,0.512
2024-10-29T14:00,21.9,90,20.1,23.7,0,0,3,1009.4,1008.2,100,100,100,29,14.3,23.2,319,322,29.9,21.9,21.9,25.7,28.1,0.509,0.514,0.515,0.512
2024-10-29T15:00,21.5,91,19.9,23.2,0,0,3,1009.1,1007.9,100,100,100,6,14.3,24,319,323,25.6,21.8,22,25.7,28.1,0.515,0.514,0.515,0.512
2024-10-29T16:00,21.6,88,19.6,23.1,0,0,3,1009.1,1007.9,100,99,98,14,14.3,23.6,312,318,25.6,21.6,22,25.7,28.1,0.511,0.513,0.515,0.512
2024-10-29T17:00,21.5,90,19.8,23.3,0,0,3,1009.6,1008.4,100,85,100,0,13.1,22.6,307,310,24.8,21.5,22,25.6,28.1,0.508,0.513,0.515,0.512
2024-10-29T18:00,21.3,91,19.8,23.1,0,0,3,1009.8,1008.6,100,26,100,0,13.3,24.1,298,301,22.7,21.3,22.1,25.6,28.1,0.505,0.512,0.515,0.512
2024-10-29T19:00,21.4,91,19.8,23.3,0,0,3,1010.7,1009.5,98,25,97,9,12.7,23.6,299,301,22.7,21.3,22.1,25.6,28.1,0.504,0.511,0.515,0.512
2024-10-29T20:00,21.4,88,19.4,23.1,0,0,3,1010.9,1009.7,100,100,100,100,12.7,23.6,299,303,22,21.7,21.9,25.6,28.1,0.508,0.512,0.515,0.512
2024-10-29T21:00,21.4,89,19.5,23.1,0,0,3,1011.2,1010,100,33,100,99,13.2,24.5,304,305,22.7,21.4,22,25.6,28.1,0.507,0.512,0.515,0.512
2024-10-29T22:00,21.1,92,19.7,22.8,0,0,3,1011.3,1010.1,100,100,89,87,13.7,26.2,314,313,23.8,21.2,22,25.6,28.1,0.517,0.513,0.514,0.512
2024-10-29T23:00,21.2,90,19.6,22.7,0,0,3,1011,1009.8,100,100,17,49,14.9,27.1,311,311,25.2,21,22,25.5,28.1,0.512,0.513,0.514,0.512
2024-10-30T00:00,21.4,89,19.6,22.8,0,0,3,1010.6,1009.4,100,100,20,0,15.4,27.8,307,307,26.6,21,22,25.5,28.1,0.509,0.512,0.514,0.512
2024-10-30T01:00,21.3,89,19.5,22.8,0,0,3,1010.1,1008.9,100,100,26,4,14.5,27.2,301,299,26.3,21,22,25.5,28.1,0.506,0.512,0.514,0.512
2024-10-30T02:00,21.5,87,19.2,22.7,0,0,3,1009.6,1008.4,100,100,82,100,15.7,28.7,304,303,25.9,21,22,25.5,28.1,0.512,0.511,0.514,0.512
2024-10-30T03:00,21.1,91,19.5,22.6,0,0,3,1009.5,1008.3,100,100,100,100,14.2,27.8,308,307,26.3,20.9,22,25.5,28.1,0.516,0.519,0.516,0.512
2024-10-30T04:00,21,92,19.6,22.6,0,0,3,1009.7,1008.5,100,95,100,100,13.9,26.9,300,304,25.6,20.8,22,25.5,28.1,0.511,0.518,0.518,0.513
2024-10-30T05:00,21,92,19.7,22.7,0,0,3,1010.3,1009.1,100,100,50,36,14,26.9,303,308,24.5,20.8,22,25.5,28.1,0.498,0.495,0.52,0.515
2024-10-30T06:00,21,93,19.7,22.6,0,0,3,1011.1,1009.9,100,100,100,89,14.1,26.6,309,313,24.5,20.8,22,25.4,28.1,0.51,0.484,0.519,0.517
2024-10-30T07:00,21.4,90,19.7,22.6,0,0,3,1012.1,1010.9,100,53,100,82,16.8,29,308,314,28.1,20.9,22,25.4,28.1,0.508,0.485,0.518,0.517
2024-10-30T08:00,21.8,90,20.1,23.3,0,0,3,1013.2,1012,100,100,100,41,16.6,27.3,312,321,28.8,21.2,22,25.4,28.1,0.511,0.507,0.513,0.513
2024-10-30T09:00,22.1,89,20.2,23.5,0,0,3,1014,1012.8,100,99,100,0,17,27.6,301,309,29.9,21.5,22,25.4,28.1,0.509,0.507,0.513,0.513
2024-10-30T10:00,22.5,88,20.3,23.9,0,0,3,1014.2,1013,100,100,99,10,17.6,27.9,304,308,31.3,21.8,22.1,25.4,28.1,0.508,0.506,0.513,0.513
2024-10-30T11:00,23.5,82,20.2,24.9,0,0,3,1013.4,1012.2,100,100,100,0,17.1,25.1,304,307,33.5,22.4,22.1,25.4,28.1,0.505,0.506,0.513,0.513
2024-10-30T12:00,24.6,78,20.5,26.4,0,0,3,1012.5,1011.3,100,100,100,49,15.9,22.2,314,317,32.4,23.2,22.2,25.4,28.1,0.503,0.505,0.513,0.513
2024-10-30T13:00,25.8,73,20.7,27.3,0,0,3,1011.6,1010.4,100,94,100,2,18.4,25,345,345,36.7,24.1,22.4,25.4,28.1,0.499,0.503,0.513,0.513
2024-10-30T14:00,25.7,73,20.6,27.5,0,0,3,1010.8,1009.6,94,18,91,19,16,21.9,345,344,34.9,24.6,22.5,25.3,28.1,0.497,0.502,0.513,0.513
2024-10-30T15:00,25.4,75,20.6,27.5,0,0,3,1010.5,1009.3,96,21,33,93,14.2,19.5,345,344,31.7,24.8,22.7,25.3,28.1,0.494,0.501,0.512,0.513
2024-10-30T16:00,24.5,78,20.5,27,0,0,3,1010.6,1009.4,96,17,79,82,11.4,16.2,348,345,27,24.7,22.9,25.3,28.1,0.494,0.5,0.512,0.513
2024-10-30T17:00,23.3,86,20.9,26.5,0,0,3,1010.8,1009.6,97,9,93,87,8.2,15.1,350,345,21.2,24,23,25.3,28.1,0.498,0.499,0.512,0.513
2024-10-30T18:00,22.3,91,20.8,25.7,0,0,3,1011.3,1010.1,97,5,96,15,6.3,14.4,333,330,14,23.3,23.1,25.3,28.1,0.498,0.498,0.512,0.513
2024-10-30T19:00,22,92,20.6,25.4,0,0,3,1012.1,1010.9,100,11,64,99,5,13,334,327,10.8,22.8,23.1,25.3,28.1,0.497,0.498,0.512,0.513
2024-10-30T20:00,22.3,87,20.1,25.6,0,0,3,1012.3,1011.1,100,8,99,61,4.1,9.3,15,345,10.1,23.6,23.1,25.3,28.1,0.487,0.494,0.512,0.513
2024-10-30T21:00,21.6,92,20.2,25.1,0,0,3,1012.9,1011.7,98,4,96,64,3.4,7.5,357,345,7.6,23.1,23.1,25.3,28.1,0.486,0.493,0.512,0.513
2024-10-30T22:00,21.3,91,19.9,24.5,0,0,2,1013,1011.8,74,3,40,55,4.1,9.3,337,333,6.8,22.6,23.1,25.3,28.1,0.486,0.492,0.512,0.513
2024-10-30T23:00,21.3,91,19.8,24.3,0,0,3,1012.8,1011.6,90,0,51,88,5.2,11.3,333,326,8.6,22.3,23.1,25.3,28,0.508,0.492,0.511,0.513
2024-10-31T00:00,21.4,91,19.9,24.4,0,0,3,1012.5,1011.3,90,0,63,84,5.7,12.4,319,317,10.1,22,23.1,25.3,28,0.509,0.494,0.511,0.513
2024-10-31T01:00,21.2,93,19.9,24,0,0,3,1011.9,1010.7,100,0,100,24,6.9,13.9,311,318,11.2,21.8,23.1,25.3,28,0.505,0.494,0.511,0.513
2024-10-31T02:00,21.2,92,19.9,23.9,0,0,3,1011.2,1010,87,0,85,12,7.6,15,306,315,12.6,21.6,23,25.3,28,0.503,0.494,0.511,0.513
2024-10-31T03:00,21,93,19.8,23.7,0,0,3,1010.7,1009.5,93,0,86,49,6.9,14.9,313,314,12.6,21.5,23,25.3,28,0.5,0.494,0.511,0.513
2024-10-31T04:00,20.9,93,19.6,23.5,0,0,1,1010.4,1009.2,40,0,40,0,7.4,15.9,315,315,12.2,21.4,22.9,25.2,28,0.499,0.494,0.511,0.513
2024-10-31T05:00,20.6,93,19.5,23.2,0,0,1,1010.5,1009.3,30,0,29,2,7.3,16.5,332,328,12.2,21.2,22.9,25.2,28,0.497,0.494,0.511,0.513
2024-10-31T06:00,20.3,95,19.5,23.1,0,0,1,1011.2,1010,24,0,23,2,5.3,14.8,327,333,12.2,21.1,22.8,25.2,28,0.496,0.494,0.51,0.513
2024-10-31T07:00,21.5,93,20.3,24.6,0,0,3,1011.9,1010.7,98,0,12,98,5.7,11.5,305,331,11.5,21.4,22.8,25.2,28,0.495,0.493,0.51,0.513
2024-10-31T08:00,23.6,88,21.5,28,0,0,3,1012.1,1010.9,84,0,30,77,1.3,4.9,360,352,8.3,23,22.8,25.2,28,0.494,0.492,0.51,0.513
2024-10-31T09:00,25.5,80,21.8,29.9,0,0,3,1012.7,1011.5,96,0,9,95,2.8,4.1,342,347,11.5,24.2,22.9,25.2,28,0.492,0.492,0.51,0.513
2024-10-31T10:00,27.3,72,21.7,31.3,0,0,2,1012.2,1011,54,0,2,53,5.1,6.6,337,339,15.5,25.6,23.1,25.2,28,0.49,0.491,0.509,0.513
2024-10-31T11:00,28.4,68,21.8,32.3,0,0,1,1011.5,1010.4,23,0,4,20,6.3,7.9,336,339,17.6,26.8,23.3,25.2,28,0.486,0.489,0.509,0.513
2024-10-31T12:00,29.2,65,22,32.9,0,0,1,1010.6,1009.5,39,33,9,0,8.3,10.5,347,348,19.8,27.8,23.6,25.2,28,0.483,0.488,0.509,0.513
2024-10-31T13:00,29.6,61,21.2,32.8,0,0,3,1009.4,1008.3,96,95,12,0,8.6,10.8,358,358,20.9,28.3,23.9,25.2,28,0.48,0.486,0.508,0.513
2024-10-31T14:00,29.2,65,21.9,32.6,0,0,3,1008.5,1007.4,100,100,10,0,9.9,12.8,42,42,21.6,28.5,24.2,25.2,28,0.477,0.485,0.508,0.513
2024-10-31T15:00,27.9,70,21.8,30.9,0,0,0,1008.3,1007.2,3,1,2,0,12,16.1,71,68,24.8,28.2,24.4,25.2,28,0.475,0.484,0.507,0.513
2024-10-31T16:00,26.8,72,21.2,29.8,0,0,0,1008.4,1007.3,0,0,0,0,9.8,13.7,76,74,24.1,27.7,24.6,25.2,28,0.473,0.483,0.507,0.513
2024-10-31T17:00,25.5,79,21.6,29.3,0,0,0,1008.6,1007.4,0,0,0,0,6.5,13.2,82,79,19.1,26.9,24.8,25.2,28,0.473,0.482,0.507,0.513
2024-10-31T18:00,24,86,21.6,27.8,0,0,0,1009,1007.8,0,0,0,0,5.8,13.5,97,89,11.5,26,24.9,25.2,28,0.473,0.482,0.506,0.513
2024-10-31T19:00,23.1,92,21.7,27.3,0,0,0,1009.9,1008.7,3,0,3,0,4.2,10.4,133,110,10.1,25.2,24.9,25.2,28,0.472,0.482,0.506,0.513
2024-10-31T20:00,23.3,88,21.1,27.1,0,0,0,1010.1,1008.9,3,0,3,0,4.5,11.9,143,141,10.4,26.2,25,25.2,28,0.471,0.48,0.505,0.513
2024-10-31T21:00,22.8,89,20.9,26.3,0,0,0,1010.5,1009.3,2,0,2,0,5.4,11.9,140,148,7.6,25.4,25,25.2,28,0.471,0.48,0.504,0.513
2024-10-31T22:00,22.4,90,20.7,25.7,0,0,0,1010.6,1009.4,5,0,5,0,6.1,11.8,140,153,7.9,24.7,25,25.2,28,0.471,0.48,0.504,0.513
2024-10-31T23:00,22.4,88,20.4,25.6,0,0,0,1010.6,1009.4,1,0,1,0,6.4,9.2,151,163,9,24.1,25,25.2,28,0.471,0.479,0.504,0.513
